NumGRASP , NumLS , strikes, FuncionObjetivo Sin Pesos , FuncionObjetivo Con pesos , Fosforo ,  Peso Fosforo, CantIncUsos, Peso CantIncUsos, CantIncProd, Peso CantIncProd
0 , 1 , 0 , 0.981256 , 0.981256 , 0.668756 , 1.0 , 0.000000 , 1.0 , 0.312500 , 1.0
0 , 3 , 0 , 0.946626 , 0.993561 , 0.696626 , 1.1 , 0.000000 , 1.0 , 0.250000 , 0.9090909
0 , 4 , 1 , 0.946626 , 0.993561 , 0.696626 , 1.1 , 0.000000 , 1.0 , 0.250000 , 0.9090909
0 , 5 , 2 , 0.946626 , 0.993561 , 0.696626 , 1.1 , 0.000000 , 1.0 , 0.250000 , 0.9090909
0 , 7 , 3 , 0.877406 , 0.844864 , 0.689906 , 1.0 , 0.000000 , 1.0 , 0.187500 , 0.82644624
0 , 8 , 4 , 0.877406 , 0.844864 , 0.689906 , 1.0 , 0.000000 , 1.0 , 0.187500 , 0.82644624
0 , 9 , 5 , 0.877406 , 0.844864 , 0.689906 , 1.0 , 0.000000 , 1.0 , 0.187500 , 0.82644624
0 , 10 , 6 , 0.877406 , 0.844864 , 0.689906 , 1.0 , 0.000000 , 1.0 , 0.187500 , 0.82644624
0 , 11 , 7 , 0.877406 , 0.844864 , 0.689906 , 1.0 , 0.000000 , 1.0 , 0.187500 , 0.82644624
1 , 1 , 0 , 0.964507 , 0.964507 , 0.714507 , 1.0 , 0.000000 , 1.0 , 0.250000 , 1.0
1 , 4 , 0 , 0.864627 , 0.847581 , 0.677127 , 1.0 , 0.000000 , 1.0 , 0.187500 , 0.9090909
1 , 8 , 1 , 0.780147 , 0.698894 , 0.655147 , 0.9090909 , 0.000000 , 1.0 , 0.125000 , 0.82644624
1 , 9 , 2 , 0.780147 , 0.698894 , 0.655147 , 0.9090909 , 0.000000 , 1.0 , 0.125000 , 0.82644624
1 , 10 , 3 , 0.780147 , 0.698894 , 0.655147 , 0.9090909 , 0.000000 , 1.0 , 0.125000 , 0.82644624
1 , 11 , 4 , 0.780147 , 0.698894 , 0.655147 , 0.9090909 , 0.000000 , 1.0 , 0.125000 , 0.82644624
2 , 1 , 0 , 0.997194 , 0.997194 , 0.684694 , 1.0 , 0.000000 , 1.0 , 0.312500 , 1.0
2 , 4 , 0 , 0.937932 , 0.915205 , 0.687932 , 1.0 , 0.000000 , 1.0 , 0.250000 , 0.9090909
2 , 5 , 1 , 0.937932 , 0.915205 , 0.687932 , 1.0 , 0.000000 , 1.0 , 0.250000 , 0.9090909
2 , 6 , 2 , 0.937932 , 0.915205 , 0.687932 , 1.0 , 0.000000 , 1.0 , 0.250000 , 0.9090909
2 , 7 , 3 , 0.937932 , 0.915205 , 0.687932 , 1.0 , 0.000000 , 1.0 , 0.250000 , 0.9090909
2 , 8 , 4 , 0.937932 , 0.915205 , 0.687932 , 1.0 , 0.000000 , 1.0 , 0.250000 , 0.9090909
2 , 9 , 5 , 0.937932 , 0.915205 , 0.687932 , 1.0 , 0.000000 , 1.0 , 0.250000 , 0.9090909
2 , 10 , 6 , 0.937932 , 0.915205 , 0.687932 , 1.0 , 0.000000 , 1.0 , 0.250000 , 0.9090909
2 , 11 , 7 , 0.937932 , 0.915205 , 0.687932 , 1.0 , 0.000000 , 1.0 , 0.250000 , 0.9090909
3 , 1 , 0 , 1.144905 , 1.144905 , 0.707405 , 1.0 , 0.000000 , 1.0 , 0.437500 , 1.0
3 , 4 , 0 , 1.041123 , 0.986887 , 0.728623 , 1.0 , 0.000000 , 1.0 , 0.312500 , 0.82644624
3 , 9 , 1 , 0.963916 , 0.777842 , 0.713916 , 0.82644624 , 0.000000 , 1.0 , 0.250000 , 0.75131476
3 , 13 , 2 , 0.802567 , 0.506092 , 0.677567 , 0.62092125 , 0.000000 , 1.0 , 0.125000 , 0.6830134
4 , 1 , 0 , 0.988012 , 0.988012 , 0.738012 , 1.0 , 0.000000 , 1.0 , 0.250000 , 1.0
4 , 2 , 0 , 0.988012 , 0.988012 , 0.738012 , 1.0 , 0.000000 , 1.0 , 0.250000 , 1.0
4 , 3 , 1 , 0.988012 , 0.988012 , 0.738012 , 1.0 , 0.000000 , 1.0 , 0.250000 , 1.0
4 , 4 , 2 , 0.996560 , 0.996560 , 0.684060 , 1.0 , 0.000000 , 1.0 , 0.312500 , 1.0
4 , 5 , 3 , 0.996510 , 0.996510 , 0.684010 , 1.0 , 0.000000 , 1.0 , 0.312500 , 1.0
4 , 6 , 4 , 0.996510 , 0.996510 , 0.684010 , 1.0 , 0.000000 , 1.0 , 0.312500 , 1.0
4 , 7 , 5 , 0.996510 , 0.996510 , 0.684010 , 1.0 , 0.000000 , 1.0 , 0.312500 , 1.0
4 , 8 , 6 , 0.996510 , 0.996510 , 0.684010 , 1.0 , 0.000000 , 1.0 , 0.312500 , 1.0
4 , 9 , 7 , 0.989614 , 0.989614 , 0.677114 , 1.0 , 0.062500 , 1.0 , 0.250000 , 1.0
4 , 11 , 8 , 0.986723 , 0.931680 , 0.674223 , 0.9090909 , 0.062500 , 1.1 , 0.250000 , 1.0
5 , 1 , 0 , 1.172138 , 1.172138 , 0.734638 , 1.0 , 0.000000 , 1.0 , 0.437500 , 1.0
5 , 3 , 0 , 0.919454 , 0.835867 , 0.669454 , 0.9090909 , 0.000000 , 1.0 , 0.250000 , 0.9090909
5 , 4 , 1 , 0.919454 , 0.835867 , 0.669454 , 0.9090909 , 0.000000 , 1.0 , 0.250000 , 0.9090909
5 , 5 , 2 , 0.919454 , 0.835867 , 0.669454 , 0.9090909 , 0.000000 , 1.0 , 0.250000 , 0.9090909
5 , 6 , 3 , 0.919454 , 0.835867 , 0.669454 , 0.9090909 , 0.000000 , 1.0 , 0.250000 , 0.9090909
5 , 8 , 4 , 0.890912 , 0.756952 , 0.640912 , 0.82644624 , 0.000000 , 1.0 , 0.250000 , 0.9090909
5 , 9 , 5 , 0.890912 , 0.756952 , 0.640912 , 0.82644624 , 0.000000 , 1.0 , 0.250000 , 0.9090909
5 , 10 , 6 , 0.890912 , 0.756952 , 0.640912 , 0.82644624 , 0.000000 , 1.0 , 0.250000 , 0.9090909
5 , 11 , 7 , 0.890912 , 0.756952 , 0.640912 , 0.82644624 , 0.000000 , 1.0 , 0.250000 , 0.9090909
6 , 1 , 0 , 1.054554 , 1.054554 , 0.679554 , 1.0 , 0.000000 , 1.0 , 0.375000 , 1.0
6 , 4 , 0 , 0.938211 , 0.905670 , 0.750711 , 1.0 , 0.000000 , 1.0 , 0.187500 , 0.82644624
6 , 5 , 1 , 0.938211 , 0.905670 , 0.750711 , 1.0 , 0.000000 , 1.0 , 0.187500 , 0.82644624
6 , 6 , 2 , 0.938211 , 0.905670 , 0.750711 , 1.0 , 0.000000 , 1.0 , 0.187500 , 0.82644624
6 , 8 , 3 , 0.925344 , 0.825726 , 0.737844 , 0.9090909 , 0.000000 , 1.0 , 0.187500 , 0.82644624
6 , 9 , 4 , 0.925344 , 0.825726 , 0.737844 , 0.9090909 , 0.000000 , 1.0 , 0.187500 , 0.82644624
6 , 11 , 5 , 0.910805 , 0.773393 , 0.660805 , 0.82644624 , 0.000000 , 1.0 , 0.250000 , 0.9090909
7 , 1 , 0 , 0.963398 , 0.963398 , 0.713398 , 1.0 , 0.000000 , 1.0 , 0.250000 , 1.0
7 , 3 , 0 , 0.853816 , 0.915334 , 0.728816 , 1.1 , 0.000000 , 1.0 , 0.125000 , 0.9090909
7 , 4 , 1 , 0.853816 , 0.915334 , 0.728816 , 1.1 , 0.000000 , 1.0 , 0.125000 , 0.9090909
7 , 5 , 2 , 0.853816 , 0.915334 , 0.728816 , 1.1 , 0.000000 , 1.0 , 0.125000 , 0.9090909
7 , 6 , 3 , 0.853816 , 0.915334 , 0.728816 , 1.1 , 0.000000 , 1.0 , 0.125000 , 0.9090909
7 , 7 , 4 , 0.853816 , 0.915334 , 0.728816 , 1.1 , 0.000000 , 1.0 , 0.125000 , 0.9090909
7 , 8 , 5 , 0.853816 , 0.915334 , 0.728816 , 1.1 , 0.000000 , 1.0 , 0.125000 , 0.9090909
7 , 9 , 6 , 0.853816 , 0.915334 , 0.728816 , 1.1 , 0.000000 , 1.0 , 0.125000 , 0.9090909
7 , 10 , 7 , 0.853816 , 0.915334 , 0.728816 , 1.1 , 0.000000 , 1.0 , 0.125000 , 0.9090909
7 , 11 , 8 , 0.853816 , 0.915334 , 0.728816 , 1.1 , 0.000000 , 1.0 , 0.125000 , 0.9090909
8 , 1 , 0 , 1.032065 , 1.032065 , 0.719565 , 1.0 , 0.000000 , 1.0 , 0.312500 , 1.0
8 , 3 , 0 , 0.970468 , 1.019788 , 0.720468 , 1.1 , 0.000000 , 1.0 , 0.250000 , 0.9090909
8 , 4 , 1 , 0.970468 , 1.019788 , 0.720468 , 1.1 , 0.000000 , 1.0 , 0.250000 , 0.9090909
8 , 5 , 2 , 0.970468 , 1.019788 , 0.720468 , 1.1 , 0.000000 , 1.0 , 0.250000 , 0.9090909
8 , 6 , 3 , 0.970468 , 1.019788 , 0.720468 , 1.1 , 0.000000 , 1.0 , 0.250000 , 0.9090909
8 , 8 , 4 , 0.891082 , 0.858541 , 0.703582 , 1.0 , 0.000000 , 1.0 , 0.187500 , 0.82644624
8 , 9 , 5 , 0.891082 , 0.858541 , 0.703582 , 1.0 , 0.000000 , 1.0 , 0.187500 , 0.82644624
8 , 10 , 6 , 0.891082 , 0.858541 , 0.703582 , 1.0 , 0.000000 , 1.0 , 0.187500 , 0.82644624
8 , 11 , 7 , 0.891082 , 0.858541 , 0.703582 , 1.0 , 0.000000 , 1.0 , 0.187500 , 0.82644624
9 , 1 , 0 , 0.990547 , 0.990547 , 0.740547 , 1.0 , 0.000000 , 1.0 , 0.250000 , 1.0
9 , 3 , 0 , 0.981805 , 0.915278 , 0.731805 , 0.9090909 , 0.000000 , 1.0 , 0.250000 , 1.0
9 , 4 , 1 , 0.981805 , 0.915278 , 0.731805 , 0.9090909 , 0.000000 , 1.0 , 0.250000 , 1.0
9 , 5 , 2 , 0.981805 , 0.915278 , 0.731805 , 0.9090909 , 0.000000 , 1.0 , 0.250000 , 1.0
9 , 7 , 3 , 0.964881 , 0.882908 , 0.652381 , 0.82644624 , 0.000000 , 1.0 , 0.312500 , 1.1
9 , 8 , 4 , 0.964881 , 0.882908 , 0.652381 , 0.82644624 , 0.000000 , 1.0 , 0.312500 , 1.1
9 , 9 , 5 , 0.964881 , 0.882908 , 0.652381 , 0.82644624 , 0.000000 , 1.0 , 0.312500 , 1.1
9 , 11 , 6 , 0.880324 , 0.811658 , 0.755324 , 0.9090909 , 0.000000 , 1.0 , 0.125000 , 1.0
10 , 1 , 0 , 1.192189 , 1.192189 , 0.692189 , 1.0 , 0.187500 , 1.0 , 0.312500 , 1.0
10 , 3 , 0 , 1.008304 , 1.049475 , 0.695804 , 1.1 , 0.062500 , 0.9090909 , 0.250000 , 0.9090909
10 , 4 , 1 , 1.008304 , 1.049475 , 0.695804 , 1.1 , 0.062500 , 0.9090909 , 0.250000 , 0.9090909
10 , 9 , 2 , 0.825584 , 0.794498 , 0.700584 , 1.0 , 0.000000 , 1.0 , 0.125000 , 0.75131476
10 , 10 , 3 , 0.825584 , 0.794498 , 0.700584 , 1.0 , 0.000000 , 1.0 , 0.125000 , 0.75131476
10 , 11 , 4 , 0.825584 , 0.794498 , 0.700584 , 1.0 , 0.000000 , 1.0 , 0.125000 , 0.75131476
11 , 1 , 0 , 0.883863 , 0.883863 , 0.758863 , 1.0 , 0.000000 , 1.0 , 0.125000 , 1.0
11 , 2 , 0 , 0.883863 , 0.883863 , 0.758863 , 1.0 , 0.000000 , 1.0 , 0.125000 , 1.0
11 , 3 , 1 , 0.883863 , 0.883863 , 0.758863 , 1.0 , 0.000000 , 1.0 , 0.125000 , 1.0
11 , 4 , 2 , 0.883863 , 0.883863 , 0.758863 , 1.0 , 0.000000 , 1.0 , 0.125000 , 1.0
11 , 6 , 3 , 0.809310 , 0.747100 , 0.684310 , 0.9090909 , 0.000000 , 1.0 , 0.125000 , 1.0
11 , 7 , 4 , 0.809310 , 0.747100 , 0.684310 , 0.9090909 , 0.000000 , 1.0 , 0.125000 , 1.0
11 , 8 , 5 , 0.809310 , 0.747100 , 0.684310 , 0.9090909 , 0.000000 , 1.0 , 0.125000 , 1.0
11 , 9 , 6 , 0.809310 , 0.747100 , 0.684310 , 0.9090909 , 0.000000 , 1.0 , 0.125000 , 1.0
11 , 10 , 7 , 0.809310 , 0.747100 , 0.684310 , 0.9090909 , 0.000000 , 1.0 , 0.125000 , 1.0
11 , 11 , 8 , 0.809310 , 0.747100 , 0.684310 , 0.9090909 , 0.000000 , 1.0 , 0.125000 , 1.0
12 , 1 , 0 , 0.991225 , 0.991225 , 0.678725 , 1.0 , 0.000000 , 1.0 , 0.312500 , 1.0
12 , 2 , 0 , 0.991225 , 0.991225 , 0.678725 , 1.0 , 0.000000 , 1.0 , 0.312500 , 1.0
12 , 3 , 1 , 0.991225 , 0.991225 , 0.678725 , 1.0 , 0.000000 , 1.0 , 0.312500 , 1.0
12 , 4 , 2 , 0.991225 , 0.991225 , 0.678725 , 1.0 , 0.000000 , 1.0 , 0.312500 , 1.0
12 , 5 , 3 , 0.991225 , 0.991225 , 0.678725 , 1.0 , 0.000000 , 1.0 , 0.312500 , 1.0
12 , 9 , 4 , 0.855685 , 0.762400 , 0.668185 , 0.9090909 , 0.000000 , 1.0 , 0.187500 , 0.82644624
12 , 10 , 5 , 0.855685 , 0.762400 , 0.668185 , 0.9090909 , 0.000000 , 1.0 , 0.187500 , 0.82644624
12 , 11 , 6 , 0.855685 , 0.762400 , 0.668185 , 0.9090909 , 0.000000 , 1.0 , 0.187500 , 0.82644624
13 , 1 , 0 , 1.067370 , 1.067370 , 0.754870 , 1.0 , 0.000000 , 1.0 , 0.312500 , 1.0
13 , 2 , 0 , 1.067370 , 1.067370 , 0.754870 , 1.0 , 0.000000 , 1.0 , 0.312500 , 1.0
13 , 7 , 1 , 0.914717 , 0.776626 , 0.664717 , 0.82644624 , 0.000000 , 1.0 , 0.250000 , 0.9090909
13 , 8 , 2 , 0.914717 , 0.776626 , 0.664717 , 0.82644624 , 0.000000 , 1.0 , 0.250000 , 0.9090909
13 , 9 , 3 , 0.914717 , 0.776626 , 0.664717 , 0.82644624 , 0.000000 , 1.0 , 0.250000 , 0.9090909
13 , 11 , 4 , 0.908615 , 0.722100 , 0.658615 , 0.75131476 , 0.000000 , 1.0 , 0.250000 , 0.9090909
14 , 1 , 0 , 1.106184 , 1.106184 , 0.731184 , 1.0 , 0.000000 , 1.0 , 0.375000 , 1.0
14 , 3 , 0 , 0.889137 , 0.808306 , 0.639137 , 0.9090909 , 0.000000 , 1.0 , 0.250000 , 0.9090909
14 , 4 , 1 , 0.889137 , 0.808306 , 0.639137 , 0.9090909 , 0.000000 , 1.0 , 0.250000 , 0.9090909
14 , 5 , 2 , 0.889137 , 0.808306 , 0.639137 , 0.9090909 , 0.000000 , 1.0 , 0.250000 , 0.9090909
14 , 6 , 3 , 0.889137 , 0.808306 , 0.639137 , 0.9090909 , 0.000000 , 1.0 , 0.250000 , 0.9090909
14 , 9 , 4 , 0.861661 , 0.767833 , 0.674161 , 0.9090909 , 0.000000 , 1.0 , 0.187500 , 0.82644624
14 , 10 , 5 , 0.861661 , 0.767833 , 0.674161 , 0.9090909 , 0.000000 , 1.0 , 0.187500 , 0.82644624
15 , 1 , 0 , 1.013181 , 1.013181 , 0.700681 , 1.0 , 0.000000 , 1.0 , 0.312500 , 1.0
15 , 3 , 0 , 0.947924 , 0.890158 , 0.635424 , 0.9090909 , 0.000000 , 1.0 , 0.312500 , 1.0
15 , 4 , 1 , 0.947924 , 0.890158 , 0.635424 , 0.9090909 , 0.000000 , 1.0 , 0.312500 , 1.0
15 , 5 , 2 , 0.947924 , 0.890158 , 0.635424 , 0.9090909 , 0.000000 , 1.0 , 0.312500 , 1.0
15 , 6 , 3 , 0.947924 , 0.890158 , 0.635424 , 0.9090909 , 0.000000 , 1.0 , 0.312500 , 1.0
15 , 7 , 4 , 0.947924 , 0.890158 , 0.635424 , 0.9090909 , 0.000000 , 1.0 , 0.312500 , 1.0
15 , 8 , 5 , 0.947924 , 0.890158 , 0.635424 , 0.9090909 , 0.000000 , 1.0 , 0.312500 , 1.0
15 , 10 , 6 , 0.921098 , 0.898370 , 0.671098 , 1.0 , 0.000000 , 1.0 , 0.250000 , 0.9090909
15 , 11 , 7 , 0.921098 , 0.898370 , 0.671098 , 1.0 , 0.000000 , 1.0 , 0.250000 , 0.9090909
16 , 1 , 0 , 1.023526 , 1.023526 , 0.773526 , 1.0 , 0.000000 , 1.0 , 0.250000 , 1.0
16 , 2 , 0 , 1.023526 , 1.023526 , 0.773526 , 1.0 , 0.000000 , 1.0 , 0.250000 , 1.0
16 , 7 , 1 , 0.986006 , 0.752702 , 0.736006 , 0.6830134 , 0.000000 , 1.0 , 0.250000 , 1.0
16 , 8 , 2 , 0.986006 , 0.752702 , 0.736006 , 0.6830134 , 0.000000 , 1.0 , 0.250000 , 1.0
16 , 10 , 3 , 0.966398 , 0.694827 , 0.716398 , 0.62092125 , 0.000000 , 1.0 , 0.250000 , 1.0
16 , 11 , 4 , 0.966398 , 0.694827 , 0.716398 , 0.62092125 , 0.000000 , 1.0 , 0.250000 , 1.0
17 , 1 , 0 , 0.967819 , 0.967819 , 0.655319 , 1.0 , 0.000000 , 1.0 , 0.312500 , 1.0
17 , 2 , 0 , 0.967819 , 0.967819 , 0.655319 , 1.0 , 0.000000 , 1.0 , 0.312500 , 1.0
17 , 3 , 1 , 0.967819 , 0.967819 , 0.655319 , 1.0 , 0.000000 , 1.0 , 0.312500 , 1.0
17 , 4 , 2 , 0.967819 , 0.967819 , 0.655319 , 1.0 , 0.000000 , 1.0 , 0.312500 , 1.0
17 , 5 , 3 , 0.967819 , 0.967819 , 0.655319 , 1.0 , 0.000000 , 1.0 , 0.312500 , 1.0
17 , 10 , 4 , 0.915992 , 0.777680 , 0.665992 , 0.82644624 , 0.000000 , 1.0 , 0.250000 , 0.9090909
17 , 11 , 5 , 0.915992 , 0.777680 , 0.665992 , 0.82644624 , 0.000000 , 1.0 , 0.250000 , 0.9090909
18 , 1 , 0 , 1.121041 , 1.121041 , 0.746041 , 1.0 , 0.000000 , 1.0 , 0.375000 , 1.0
18 , 5 , 0 , 0.873239 , 0.778357 , 0.685739 , 0.9090909 , 0.000000 , 1.0 , 0.187500 , 0.82644624
18 , 6 , 1 , 0.873239 , 0.778357 , 0.685739 , 0.9090909 , 0.000000 , 1.0 , 0.187500 , 0.82644624
18 , 7 , 2 , 0.873239 , 0.778357 , 0.685739 , 0.9090909 , 0.000000 , 1.0 , 0.187500 , 0.82644624
18 , 8 , 3 , 0.873239 , 0.778357 , 0.685739 , 0.9090909 , 0.000000 , 1.0 , 0.187500 , 0.82644624
18 , 9 , 4 , 0.873239 , 0.778357 , 0.685739 , 0.9090909 , 0.000000 , 1.0 , 0.187500 , 0.82644624
18 , 10 , 5 , 0.873239 , 0.778357 , 0.685739 , 0.9090909 , 0.000000 , 1.0 , 0.187500 , 0.82644624
18 , 11 , 6 , 0.873239 , 0.778357 , 0.685739 , 0.9090909 , 0.000000 , 1.0 , 0.187500 , 0.82644624
19 , 1 , 0 , 1.029749 , 1.029749 , 0.717249 , 1.0 , 0.000000 , 1.0 , 0.312500 , 1.0
19 , 4 , 0 , 0.935194 , 0.912466 , 0.685194 , 1.0 , 0.000000 , 1.0 , 0.250000 , 0.9090909
19 , 8 , 1 , 0.802090 , 0.709451 , 0.677090 , 0.9090909 , 0.000000 , 1.0 , 0.125000 , 0.75131476
19 , 9 , 2 , 0.802090 , 0.709451 , 0.677090 , 0.9090909 , 0.000000 , 1.0 , 0.125000 , 0.75131476
19 , 10 , 3 , 0.802090 , 0.709451 , 0.677090 , 0.9090909 , 0.000000 , 1.0 , 0.125000 , 0.75131476
19 , 11 , 4 , 0.802090 , 0.709451 , 0.677090 , 0.9090909 , 0.000000 , 1.0 , 0.125000 , 0.75131476
20 , 1 , 0 , 1.017198 , 1.017198 , 0.642198 , 1.0 , 0.000000 , 1.0 , 0.375000 , 1.0
20 , 2 , 0 , 1.017198 , 1.017198 , 0.642198 , 1.0 , 0.000000 , 1.0 , 0.375000 , 1.0
20 , 3 , 1 , 1.017198 , 1.017198 , 0.642198 , 1.0 , 0.000000 , 1.0 , 0.375000 , 1.0
20 , 8 , 2 , 0.896456 , 0.863914 , 0.708956 , 1.0 , 0.000000 , 1.0 , 0.187500 , 0.82644624
20 , 11 , 3 , 0.776234 , 0.745149 , 0.651234 , 1.0 , 0.000000 , 1.0 , 0.125000 , 0.75131476
21 , 1 , 0 , 1.188344 , 1.188344 , 0.750844 , 1.0 , 0.000000 , 1.0 , 0.437500 , 1.0
21 , 3 , 0 , 0.998160 , 0.907418 , 0.685660 , 0.9090909 , 0.000000 , 1.0 , 0.312500 , 0.9090909
21 , 5 , 1 , 0.950646 , 0.907258 , 0.700646 , 1.0 , 0.000000 , 1.0 , 0.250000 , 0.82644624
21 , 8 , 2 , 1.029217 , 0.893981 , 0.654216 , 0.82644624 , 0.250000 , 1.0 , 0.125000 , 0.82644624
21 , 9 , 3 , 1.026325 , 0.891591 , 0.651325 , 0.82644624 , 0.250000 , 1.0 , 0.125000 , 0.82644624
22 , 1 , 0 , 1.134716 , 1.134716 , 0.759716 , 1.0 , 0.000000 , 1.0 , 0.375000 , 1.0
22 , 3 , 0 , 1.255816 , 1.296739 , 0.693316 , 1.1 , 0.250000 , 1.0 , 0.312500 , 0.9090909
22 , 4 , 1 , 1.248689 , 1.288899 , 0.686189 , 1.1 , 0.250000 , 1.0 , 0.312500 , 0.9090909
22 , 7 , 2 , 1.022846 , 0.929860 , 0.710346 , 0.9090909 , 0.000000 , 1.0 , 0.312500 , 0.9090909
22 , 9 , 3 , 0.993223 , 0.846672 , 0.680723 , 0.82644624 , 0.000000 , 1.0 , 0.312500 , 0.9090909
22 , 10 , 4 , 0.993223 , 0.846672 , 0.680723 , 0.82644624 , 0.000000 , 1.0 , 0.312500 , 0.9090909
22 , 11 , 5 , 0.993223 , 0.846672 , 0.680723 , 0.82644624 , 0.000000 , 1.0 , 0.312500 , 0.9090909
23 , 1 , 0 , 1.088191 , 1.088191 , 0.713191 , 1.0 , 0.000000 , 1.0 , 0.375000 , 1.0
23 , 4 , 0 , 0.978020 , 0.955292 , 0.728020 , 1.0 , 0.000000 , 1.0 , 0.250000 , 0.9090909
23 , 7 , 1 , 0.886284 , 0.853742 , 0.698784 , 1.0 , 0.000000 , 1.0 , 0.187500 , 0.82644624
23 , 8 , 2 , 0.886284 , 0.853742 , 0.698784 , 1.0 , 0.000000 , 1.0 , 0.187500 , 0.82644624
23 , 9 , 3 , 0.886284 , 0.853742 , 0.698784 , 1.0 , 0.000000 , 1.0 , 0.187500 , 0.82644624
23 , 10 , 4 , 0.886284 , 0.853742 , 0.698784 , 1.0 , 0.000000 , 1.0 , 0.187500 , 0.82644624
23 , 11 , 5 , 0.886284 , 0.853742 , 0.698784 , 1.0 , 0.000000 , 1.0 , 0.187500 , 0.82644624
24 , 1 , 0 , 0.909436 , 0.909436 , 0.659436 , 1.0 , 0.000000 , 1.0 , 0.250000 , 1.0
24 , 4 , 0 , 0.832537 , 0.703543 , 0.645037 , 0.82644624 , 0.000000 , 1.0 , 0.187500 , 0.9090909
24 , 5 , 1 , 0.832537 , 0.703543 , 0.645037 , 0.82644624 , 0.000000 , 1.0 , 0.187500 , 0.9090909
24 , 6 , 2 , 0.832537 , 0.703543 , 0.645037 , 0.82644624 , 0.000000 , 1.0 , 0.187500 , 0.9090909
24 , 7 , 3 , 0.832537 , 0.703543 , 0.645037 , 0.82644624 , 0.000000 , 1.0 , 0.187500 , 0.9090909
24 , 10 , 4 , 0.800097 , 0.661237 , 0.675097 , 0.82644624 , 0.000000 , 1.0 , 0.125000 , 0.82644624
24 , 11 , 5 , 0.800097 , 0.661237 , 0.675097 , 0.82644624 , 0.000000 , 1.0 , 0.125000 , 0.82644624
25 , 1 , 0 , 0.905811 , 0.905811 , 0.718311 , 1.0 , 0.000000 , 1.0 , 0.187500 , 1.0
25 , 2 , 0 , 0.905811 , 0.905811 , 0.718311 , 1.0 , 0.000000 , 1.0 , 0.187500 , 1.0
25 , 3 , 1 , 1.059706 , 1.059706 , 0.684706 , 1.0 , 0.187500 , 1.0 , 0.187500 , 1.0
25 , 4 , 2 , 1.107652 , 1.107652 , 0.670152 , 1.0 , 0.250000 , 1.0 , 0.187500 , 1.0
25 , 5 , 3 , 1.094001 , 1.094001 , 0.656501 , 1.0 , 0.250000 , 1.0 , 0.187500 , 1.0
25 , 8 , 4 , 0.803885 , 0.674698 , 0.678885 , 0.82644624 , 0.000000 , 1.0 , 0.125000 , 0.9090909
25 , 9 , 5 , 0.803885 , 0.674698 , 0.678885 , 0.82644624 , 0.000000 , 1.0 , 0.125000 , 0.9090909
25 , 10 , 6 , 0.803885 , 0.674698 , 0.678885 , 0.82644624 , 0.000000 , 1.0 , 0.125000 , 0.9090909
25 , 11 , 7 , 0.803885 , 0.674698 , 0.678885 , 0.82644624 , 0.000000 , 1.0 , 0.125000 , 0.9090909
26 , 1 , 0 , 1.159366 , 1.159366 , 0.659366 , 1.0 , 0.250000 , 1.0 , 0.250000 , 1.0
26 , 4 , 0 , 0.913261 , 0.913261 , 0.663261 , 1.0 , 0.000000 , 1.0 , 0.250000 , 1.0
26 , 5 , 1 , 0.913261 , 0.913261 , 0.663261 , 1.0 , 0.000000 , 1.0 , 0.250000 , 1.0
26 , 6 , 2 , 0.913261 , 0.913261 , 0.663261 , 1.0 , 0.000000 , 1.0 , 0.250000 , 1.0
26 , 8 , 3 , 0.911691 , 0.851537 , 0.661691 , 0.9090909 , 0.000000 , 1.0 , 0.250000 , 1.0
26 , 9 , 4 , 0.911691 , 0.851537 , 0.661691 , 0.9090909 , 0.000000 , 1.0 , 0.250000 , 1.0
26 , 10 , 5 , 0.911691 , 0.851537 , 0.661691 , 0.9090909 , 0.000000 , 1.0 , 0.250000 , 1.0
26 , 11 , 6 , 0.911691 , 0.851537 , 0.661691 , 0.9090909 , 0.000000 , 1.0 , 0.250000 , 1.0
27 , 1 , 0 , 1.146575 , 1.146575 , 0.771575 , 1.0 , 0.000000 , 1.0 , 0.375000 , 1.0
27 , 3 , 0 , 1.079821 , 1.015746 , 0.704821 , 0.9090909 , 0.000000 , 1.0 , 0.375000 , 1.0
27 , 4 , 1 , 1.079821 , 1.015746 , 0.704821 , 0.9090909 , 0.000000 , 1.0 , 0.375000 , 1.0
27 , 7 , 2 , 1.012962 , 0.920874 , 0.700462 , 0.9090909 , 0.000000 , 1.0 , 0.312500 , 0.9090909
27 , 11 , 3 , 0.965916 , 0.758792 , 0.653416 , 0.6830134 , 0.000000 , 1.0 , 0.312500 , 1.0
28 , 1 , 0 , 0.979877 , 0.979877 , 0.729877 , 1.0 , 0.000000 , 1.0 , 0.250000 , 1.0
28 , 2 , 0 , 0.982577 , 0.982577 , 0.670077 , 1.0 , 0.000000 , 1.0 , 0.312500 , 1.0
28 , 4 , 1 , 0.925546 , 0.864133 , 0.675546 , 0.9090909 , 0.000000 , 1.0 , 0.250000 , 1.0
28 , 5 , 2 , 0.925546 , 0.864133 , 0.675546 , 0.9090909 , 0.000000 , 1.0 , 0.250000 , 1.0
28 , 7 , 3 , 0.801832 , 0.790469 , 0.676832 , 1.0 , 0.000000 , 1.0 , 0.125000 , 0.9090909
28 , 8 , 4 , 0.801832 , 0.790469 , 0.676832 , 1.0 , 0.000000 , 1.0 , 0.125000 , 0.9090909
28 , 9 , 5 , 0.801832 , 0.790469 , 0.676832 , 1.0 , 0.000000 , 1.0 , 0.125000 , 0.9090909
28 , 10 , 6 , 0.801832 , 0.790469 , 0.676832 , 1.0 , 0.000000 , 1.0 , 0.125000 , 0.9090909
28 , 11 , 7 , 0.801832 , 0.790469 , 0.676832 , 1.0 , 0.000000 , 1.0 , 0.125000 , 0.9090909
29 , 1 , 0 , 0.985904 , 0.985904 , 0.673404 , 1.0 , 0.000000 , 1.0 , 0.312500 , 1.0
29 , 2 , 0 , 1.104896 , 1.104896 , 0.667396 , 1.0 , 0.187500 , 1.0 , 0.250000 , 1.0
29 , 4 , 1 , 0.968879 , 0.904663 , 0.656379 , 0.9090909 , 0.125000 , 1.1 , 0.187500 , 0.9090909
29 , 5 , 2 , 0.968879 , 0.904663 , 0.656379 , 0.9090909 , 0.125000 , 1.1 , 0.187500 , 0.9090909
29 , 6 , 3 , 0.968879 , 0.904663 , 0.656379 , 0.9090909 , 0.125000 , 1.1 , 0.187500 , 0.9090909
29 , 7 , 4 , 0.968879 , 0.904663 , 0.656379 , 0.9090909 , 0.125000 , 1.1 , 0.187500 , 0.9090909
29 , 8 , 5 , 0.968879 , 0.904663 , 0.656379 , 0.9090909 , 0.125000 , 1.1 , 0.187500 , 0.9090909
29 , 9 , 6 , 0.968879 , 0.904663 , 0.656379 , 0.9090909 , 0.125000 , 1.1 , 0.187500 , 0.9090909
29 , 10 , 7 , 0.968879 , 0.904663 , 0.656379 , 0.9090909 , 0.125000 , 1.1 , 0.187500 , 0.9090909
29 , 11 , 8 , 0.968879 , 0.904663 , 0.656379 , 0.9090909 , 0.125000 , 1.1 , 0.187500 , 0.9090909
30 , 1 , 0 , 1.572396 , 1.572396 , 0.697396 , 1.0 , 0.500000 , 1.0 , 0.375000 , 1.0
30 , 5 , 0 , 0.933462 , 0.827940 , 0.683462 , 0.9090909 , 0.000000 , 1.0 , 0.250000 , 0.82644624
30 , 6 , 1 , 0.933462 , 0.827940 , 0.683462 , 0.9090909 , 0.000000 , 1.0 , 0.250000 , 0.82644624
30 , 7 , 2 , 0.933462 , 0.827940 , 0.683462 , 0.9090909 , 0.000000 , 1.0 , 0.250000 , 0.82644624
30 , 8 , 3 , 0.933462 , 0.827940 , 0.683462 , 0.9090909 , 0.000000 , 1.0 , 0.250000 , 0.82644624
30 , 9 , 4 , 0.933462 , 0.827940 , 0.683462 , 0.9090909 , 0.000000 , 1.0 , 0.250000 , 0.82644624
30 , 10 , 5 , 0.933462 , 0.827940 , 0.683462 , 0.9090909 , 0.000000 , 1.0 , 0.250000 , 0.82644624
30 , 11 , 6 , 0.933462 , 0.827940 , 0.683462 , 0.9090909 , 0.000000 , 1.0 , 0.250000 , 0.82644624
31 , 1 , 0 , 0.992469 , 0.992469 , 0.679969 , 1.0 , 0.000000 , 1.0 , 0.312500 , 1.0
31 , 7 , 0 , 0.805187 , 0.712266 , 0.680187 , 0.9090909 , 0.000000 , 1.0 , 0.125000 , 0.75131476
31 , 8 , 1 , 0.805187 , 0.712266 , 0.680187 , 0.9090909 , 0.000000 , 1.0 , 0.125000 , 0.75131476
31 , 9 , 2 , 0.805187 , 0.712266 , 0.680187 , 0.9090909 , 0.000000 , 1.0 , 0.125000 , 0.75131476
31 , 10 , 3 , 0.805187 , 0.712266 , 0.680187 , 0.9090909 , 0.000000 , 1.0 , 0.125000 , 0.75131476
31 , 11 , 4 , 0.805187 , 0.712266 , 0.680187 , 0.9090909 , 0.000000 , 1.0 , 0.125000 , 0.75131476
32 , 1 , 0 , 1.134817 , 1.134817 , 0.759817 , 1.0 , 0.000000 , 1.0 , 0.375000 , 1.0
32 , 3 , 0 , 1.055874 , 0.959886 , 0.743374 , 0.9090909 , 0.000000 , 1.0 , 0.312500 , 0.9090909
32 , 5 , 1 , 0.882146 , 0.729046 , 0.694646 , 0.82644624 , 0.000000 , 1.0 , 0.187500 , 0.82644624
32 , 6 , 2 , 0.882146 , 0.729046 , 0.694646 , 0.82644624 , 0.000000 , 1.0 , 0.187500 , 0.82644624
32 , 7 , 3 , 0.882146 , 0.729046 , 0.694646 , 0.82644624 , 0.000000 , 1.0 , 0.187500 , 0.82644624
32 , 8 , 4 , 0.882146 , 0.729046 , 0.694646 , 0.82644624 , 0.000000 , 1.0 , 0.187500 , 0.82644624
32 , 9 , 5 , 0.882146 , 0.729046 , 0.694646 , 0.82644624 , 0.000000 , 1.0 , 0.187500 , 0.82644624
32 , 10 , 6 , 0.882146 , 0.729046 , 0.694646 , 0.82644624 , 0.000000 , 1.0 , 0.187500 , 0.82644624
33 , 1 , 0 , 0.959567 , 0.959567 , 0.647067 , 1.0 , 0.000000 , 1.0 , 0.312500 , 1.0
33 , 3 , 0 , 0.910157 , 0.953446 , 0.660157 , 1.1 , 0.000000 , 1.0 , 0.250000 , 0.9090909
33 , 4 , 1 , 0.910157 , 0.953446 , 0.660157 , 1.1 , 0.000000 , 1.0 , 0.250000 , 0.9090909
33 , 5 , 2 , 0.910157 , 0.953446 , 0.660157 , 1.1 , 0.000000 , 1.0 , 0.250000 , 0.9090909
33 , 6 , 3 , 0.953384 , 1.018041 , 0.703384 , 1.1 , 0.187500 , 1.0 , 0.062500 , 0.9090909
33 , 7 , 4 , 0.953384 , 1.018041 , 0.703384 , 1.1 , 0.187500 , 1.0 , 0.062500 , 0.9090909
33 , 8 , 5 , 0.953384 , 1.018041 , 0.703384 , 1.1 , 0.187500 , 1.0 , 0.062500 , 0.9090909
33 , 10 , 6 , 1.018250 , 1.109944 , 0.643250 , 1.21 , 0.125000 , 1.0 , 0.250000 , 0.82644624
33 , 11 , 7 , 0.890442 , 0.981547 , 0.640442 , 1.21 , 0.000000 , 1.0 , 0.250000 , 0.82644624
34 , 1 , 0 , 1.328787 , 1.328787 , 0.641287 , 1.0 , 0.375000 , 1.0 , 0.312500 , 1.0
34 , 3 , 0 , 1.197463 , 1.117012 , 0.634963 , 0.9090909 , 0.250000 , 0.9090909 , 0.312500 , 1.0
34 , 4 , 1 , 1.197463 , 1.117012 , 0.634963 , 0.9090909 , 0.250000 , 0.9090909 , 0.312500 , 1.0
34 , 8 , 2 , 0.867073 , 0.977243 , 0.679573 , 1.21 , 0.000000 , 1.0 , 0.187500 , 0.82644624
34 , 11 , 3 , 0.777644 , 0.746559 , 0.652644 , 1.0 , 0.000000 , 1.0 , 0.125000 , 0.75131476
35 , 1 , 0 , 1.104897 , 1.104897 , 0.729897 , 1.0 , 0.000000 , 1.0 , 0.375000 , 1.0
35 , 8 , 0 , 0.829337 , 0.671315 , 0.641837 , 0.82644624 , 0.000000 , 1.0 , 0.187500 , 0.75131476
35 , 9 , 1 , 0.829337 , 0.671315 , 0.641837 , 0.82644624 , 0.000000 , 1.0 , 0.187500 , 0.75131476
35 , 10 , 2 , 0.829337 , 0.671315 , 0.641837 , 0.82644624 , 0.000000 , 1.0 , 0.187500 , 0.75131476
35 , 11 , 3 , 0.829337 , 0.671315 , 0.641837 , 0.82644624 , 0.000000 , 1.0 , 0.187500 , 0.75131476
36 , 1 , 0 , 1.180108 , 1.180108 , 0.680108 , 1.0 , 0.187500 , 1.0 , 0.312500 , 1.0
36 , 4 , 0 , 0.909996 , 0.877455 , 0.722496 , 1.0 , 0.000000 , 0.9090909 , 0.187500 , 0.82644624
36 , 5 , 1 , 0.909996 , 0.877455 , 0.722496 , 1.0 , 0.000000 , 0.9090909 , 0.187500 , 0.82644624
36 , 6 , 2 , 1.280164 , 1.207850 , 0.655164 , 1.0 , 0.437500 , 0.9090909 , 0.187500 , 0.82644624
36 , 7 , 3 , 1.280164 , 1.207850 , 0.655164 , 1.0 , 0.437500 , 0.9090909 , 0.187500 , 0.82644624
36 , 8 , 4 , 1.280164 , 1.207850 , 0.655164 , 1.0 , 0.437500 , 0.9090909 , 0.187500 , 0.82644624
36 , 9 , 5 , 1.280164 , 1.207850 , 0.655164 , 1.0 , 0.437500 , 0.9090909 , 0.187500 , 0.82644624
36 , 10 , 6 , 1.280164 , 1.207850 , 0.655164 , 1.0 , 0.437500 , 0.9090909 , 0.187500 , 0.82644624
36 , 11 , 7 , 0.937993 , 0.894605 , 0.687993 , 1.0 , 0.000000 , 0.9090909 , 0.250000 , 0.82644624
37 , 1 , 0 , 0.994705 , 0.994705 , 0.682205 , 1.0 , 0.000000 , 1.0 , 0.312500 , 1.0
37 , 3 , 0 , 0.927452 , 0.843138 , 0.677452 , 0.9090909 , 0.000000 , 1.0 , 0.250000 , 0.9090909
37 , 4 , 1 , 0.927452 , 0.843138 , 0.677452 , 0.9090909 , 0.000000 , 1.0 , 0.250000 , 0.9090909
37 , 5 , 2 , 0.927452 , 0.843138 , 0.677452 , 0.9090909 , 0.000000 , 1.0 , 0.250000 , 0.9090909
37 , 6 , 3 , 1.025001 , 0.943183 , 0.650001 , 0.9090909 , 0.125000 , 1.0 , 0.250000 , 0.9090909
37 , 7 , 4 , 1.025001 , 0.943183 , 0.650001 , 0.9090909 , 0.125000 , 1.0 , 0.250000 , 0.9090909
37 , 8 , 5 , 1.025001 , 0.943183 , 0.650001 , 0.9090909 , 0.125000 , 1.0 , 0.250000 , 0.9090909
37 , 10 , 6 , 0.901351 , 0.765579 , 0.651351 , 0.82644624 , 0.000000 , 1.0 , 0.250000 , 0.9090909
37 , 11 , 7 , 0.901351 , 0.765579 , 0.651351 , 0.82644624 , 0.000000 , 1.0 , 0.250000 , 0.9090909
38 , 1 , 0 , 1.031091 , 1.031091 , 0.718591 , 1.0 , 0.000000 , 1.0 , 0.312500 , 1.0
38 , 6 , 0 , 1.213820 , 1.007360 , 0.651320 , 0.6830134 , 0.250000 , 1.0 , 0.312500 , 1.0
38 , 9 , 1 , 0.950553 , 0.705760 , 0.700553 , 0.6830134 , 0.000000 , 1.0 , 0.250000 , 0.9090909
38 , 10 , 2 , 0.950553 , 0.705760 , 0.700553 , 0.6830134 , 0.000000 , 1.0 , 0.250000 , 0.9090909
39 , 1 , 0 , 0.912182 , 0.912182 , 0.662182 , 1.0 , 0.000000 , 1.0 , 0.250000 , 1.0
39 , 3 , 0 , 0.840032 , 0.763666 , 0.652532 , 0.9090909 , 0.000000 , 1.0 , 0.187500 , 0.9090909
39 , 4 , 1 , 0.840032 , 0.763666 , 0.652532 , 0.9090909 , 0.000000 , 1.0 , 0.187500 , 0.9090909
39 , 5 , 2 , 0.840032 , 0.763666 , 0.652532 , 0.9090909 , 0.000000 , 1.0 , 0.187500 , 0.9090909
39 , 6 , 3 , 0.840032 , 0.763666 , 0.652532 , 0.9090909 , 0.000000 , 1.0 , 0.187500 , 0.9090909
39 , 7 , 4 , 0.840032 , 0.763666 , 0.652532 , 0.9090909 , 0.000000 , 1.0 , 0.187500 , 0.9090909
39 , 8 , 5 , 0.840032 , 0.763666 , 0.652532 , 0.9090909 , 0.000000 , 1.0 , 0.187500 , 0.9090909
39 , 9 , 6 , 0.840032 , 0.763666 , 0.652532 , 0.9090909 , 0.000000 , 1.0 , 0.187500 , 0.9090909
39 , 10 , 7 , 0.840032 , 0.763666 , 0.652532 , 0.9090909 , 0.000000 , 1.0 , 0.187500 , 0.9090909
39 , 11 , 8 , 0.840032 , 0.763666 , 0.652532 , 0.9090909 , 0.000000 , 1.0 , 0.187500 , 0.9090909
40 , 1 , 0 , 1.147507 , 1.147507 , 0.710007 , 1.0 , 0.000000 , 1.0 , 0.437500 , 1.0
40 , 4 , 0 , 1.012859 , 1.129672 , 0.762859 , 1.21 , 0.000000 , 1.0 , 0.250000 , 0.82644624
40 , 6 , 1 , 0.904751 , 0.926838 , 0.654751 , 1.1 , 0.000000 , 1.0 , 0.250000 , 0.82644624
40 , 7 , 2 , 0.904751 , 0.926838 , 0.654751 , 1.1 , 0.000000 , 1.0 , 0.250000 , 0.82644624
40 , 8 , 3 , 0.904751 , 0.926838 , 0.654751 , 1.1 , 0.000000 , 1.0 , 0.250000 , 0.82644624
40 , 9 , 4 , 0.904751 , 0.926838 , 0.654751 , 1.1 , 0.000000 , 1.0 , 0.250000 , 0.82644624
40 , 10 , 5 , 0.904751 , 0.926838 , 0.654751 , 1.1 , 0.000000 , 1.0 , 0.250000 , 0.82644624
40 , 11 , 6 , 0.904751 , 0.926838 , 0.654751 , 1.1 , 0.000000 , 1.0 , 0.250000 , 0.82644624
41 , 1 , 0 , 1.219476 , 1.219476 , 0.656976 , 1.0 , 0.250000 , 1.0 , 0.312500 , 1.0
41 , 3 , 0 , 0.951556 , 0.987052 , 0.639056 , 1.1 , 0.000000 , 0.9090909 , 0.312500 , 0.9090909
41 , 4 , 1 , 0.947454 , 0.982540 , 0.634954 , 1.1 , 0.000000 , 0.9090909 , 0.312500 , 0.9090909
41 , 6 , 2 , 0.862271 , 0.829730 , 0.674771 , 1.0 , 0.000000 , 1.0 , 0.187500 , 0.82644624
41 , 7 , 3 , 0.862271 , 0.829730 , 0.674771 , 1.0 , 0.000000 , 1.0 , 0.187500 , 0.82644624
41 , 8 , 4 , 0.862271 , 0.829730 , 0.674771 , 1.0 , 0.000000 , 1.0 , 0.187500 , 0.82644624
41 , 10 , 5 , 0.830930 , 0.739895 , 0.643430 , 0.9090909 , 0.000000 , 1.0 , 0.187500 , 0.82644624
41 , 11 , 6 , 0.830930 , 0.739895 , 0.643430 , 0.9090909 , 0.000000 , 1.0 , 0.187500 , 0.82644624
42 , 1 , 0 , 1.432802 , 1.432802 , 0.682802 , 1.0 , 0.500000 , 1.0 , 0.250000 , 1.0
42 , 3 , 0 , 1.176478 , 1.092253 , 0.676478 , 0.9090909 , 0.250000 , 0.9090909 , 0.250000 , 1.0
42 , 7 , 1 , 0.852963 , 0.831269 , 0.727963 , 1.0 , 0.000000 , 1.0 , 0.125000 , 0.82644624
42 , 8 , 2 , 0.852963 , 0.831269 , 0.727963 , 1.0 , 0.000000 , 1.0 , 0.125000 , 0.82644624
42 , 9 , 3 , 0.852963 , 0.831269 , 0.727963 , 1.0 , 0.000000 , 1.0 , 0.125000 , 0.82644624
42 , 10 , 4 , 0.852963 , 0.831269 , 0.727963 , 1.0 , 0.000000 , 1.0 , 0.125000 , 0.82644624
42 , 11 , 5 , 0.852963 , 0.831269 , 0.727963 , 1.0 , 0.000000 , 1.0 , 0.125000 , 0.82644624
43 , 1 , 0 , 0.971938 , 0.971938 , 0.659438 , 1.0 , 0.000000 , 1.0 , 0.312500 , 1.0
43 , 5 , 0 , 0.861464 , 0.896320 , 0.673964 , 1.1 , 0.000000 , 1.0 , 0.187500 , 0.82644624
43 , 6 , 1 , 0.861464 , 0.896320 , 0.673964 , 1.1 , 0.000000 , 1.0 , 0.187500 , 0.82644624
43 , 7 , 2 , 0.861464 , 0.896320 , 0.673964 , 1.1 , 0.000000 , 1.0 , 0.187500 , 0.82644624
43 , 8 , 3 , 0.861464 , 0.896320 , 0.673964 , 1.1 , 0.000000 , 1.0 , 0.187500 , 0.82644624
43 , 9 , 4 , 0.861464 , 0.896320 , 0.673964 , 1.1 , 0.000000 , 1.0 , 0.187500 , 0.82644624
43 , 10 , 5 , 0.861464 , 0.896320 , 0.673964 , 1.1 , 0.000000 , 1.0 , 0.187500 , 0.82644624
43 , 11 , 6 , 0.861464 , 0.896320 , 0.673964 , 1.1 , 0.000000 , 1.0 , 0.187500 , 0.82644624
44 , 1 , 0 , 0.828440 , 0.828440 , 0.640940 , 1.0 , 0.062500 , 1.0 , 0.125000 , 1.0
44 , 2 , 0 , 0.828440 , 0.828440 , 0.640940 , 1.0 , 0.062500 , 1.0 , 0.125000 , 1.0
44 , 3 , 1 , 0.828440 , 0.828440 , 0.640940 , 1.0 , 0.062500 , 1.0 , 0.125000 , 1.0
44 , 4 , 2 , 0.828440 , 0.828440 , 0.640940 , 1.0 , 0.062500 , 1.0 , 0.125000 , 1.0
44 , 5 , 3 , 0.828440 , 0.828440 , 0.640940 , 1.0 , 0.062500 , 1.0 , 0.125000 , 1.0
44 , 6 , 4 , 0.828440 , 0.828440 , 0.640940 , 1.0 , 0.062500 , 1.0 , 0.125000 , 1.0
44 , 7 , 5 , 0.828440 , 0.828440 , 0.640940 , 1.0 , 0.062500 , 1.0 , 0.125000 , 1.0
44 , 8 , 6 , 0.828440 , 0.828440 , 0.640940 , 1.0 , 0.062500 , 1.0 , 0.125000 , 1.0
44 , 9 , 7 , 0.828440 , 0.828440 , 0.640940 , 1.0 , 0.062500 , 1.0 , 0.125000 , 1.0
44 , 10 , 8 , 0.828440 , 0.828440 , 0.640940 , 1.0 , 0.062500 , 1.0 , 0.125000 , 1.0
44 , 11 , 9 , 0.828440 , 0.828440 , 0.640940 , 1.0 , 0.062500 , 1.0 , 0.125000 , 1.0
45 , 1 , 0 , 1.001822 , 1.001822 , 0.689322 , 1.0 , 0.000000 , 1.0 , 0.312500 , 1.0
45 , 2 , 0 , 1.049364 , 1.049364 , 0.674364 , 1.0 , 0.062500 , 1.0 , 0.312500 , 1.0
45 , 3 , 1 , 1.049364 , 1.049364 , 0.674364 , 1.0 , 0.062500 , 1.0 , 0.312500 , 1.0
45 , 6 , 2 , 0.916341 , 0.893614 , 0.666341 , 1.0 , 0.000000 , 1.0 , 0.250000 , 0.9090909
45 , 10 , 3 , 0.850957 , 0.758101 , 0.663457 , 0.9090909 , 0.000000 , 1.0 , 0.187500 , 0.82644624
45 , 11 , 4 , 0.850957 , 0.758101 , 0.663457 , 0.9090909 , 0.000000 , 1.0 , 0.187500 , 0.82644624
46 , 1 , 0 , 0.982256 , 0.982256 , 0.669756 , 1.0 , 0.000000 , 1.0 , 0.312500 , 1.0
46 , 4 , 0 , 0.860074 , 0.827532 , 0.672574 , 1.0 , 0.000000 , 1.0 , 0.187500 , 0.82644624
46 , 5 , 1 , 0.860074 , 0.827532 , 0.672574 , 1.0 , 0.000000 , 1.0 , 0.187500 , 0.82644624
46 , 6 , 2 , 0.860074 , 0.827532 , 0.672574 , 1.0 , 0.000000 , 1.0 , 0.187500 , 0.82644624
46 , 7 , 3 , 0.860074 , 0.827532 , 0.672574 , 1.0 , 0.000000 , 1.0 , 0.187500 , 0.82644624
46 , 8 , 4 , 0.860074 , 0.827532 , 0.672574 , 1.0 , 0.000000 , 1.0 , 0.187500 , 0.82644624
46 , 9 , 5 , 0.860074 , 0.827532 , 0.672574 , 1.0 , 0.000000 , 1.0 , 0.187500 , 0.82644624
46 , 10 , 6 , 0.860074 , 0.827532 , 0.672574 , 1.0 , 0.000000 , 1.0 , 0.187500 , 0.82644624
46 , 11 , 7 , 0.860074 , 0.827532 , 0.672574 , 1.0 , 0.000000 , 1.0 , 0.187500 , 0.82644624
47 , 1 , 0 , 1.117467 , 1.117467 , 0.742467 , 1.0 , 0.000000 , 1.0 , 0.375000 , 1.0
47 , 4 , 0 , 1.106470 , 0.990367 , 0.668970 , 0.82644624 , 0.062500 , 1.0 , 0.375000 , 1.0
47 , 5 , 1 , 1.167506 , 1.051658 , 0.667506 , 0.82644624 , 0.187500 , 1.0 , 0.312500 , 1.0
47 , 6 , 2 , 1.167506 , 1.051658 , 0.667506 , 0.82644624 , 0.187500 , 1.0 , 0.312500 , 1.0
47 , 7 , 3 , 1.167506 , 1.051658 , 0.667506 , 0.82644624 , 0.187500 , 1.0 , 0.312500 , 1.0
47 , 10 , 4 , 1.046281 , 0.897236 , 0.671281 , 0.82644624 , 0.187500 , 1.0 , 0.187500 , 0.82644624
47 , 11 , 5 , 1.046281 , 0.897236 , 0.671281 , 0.82644624 , 0.187500 , 1.0 , 0.187500 , 0.82644624
48 , 1 , 0 , 1.013043 , 1.013043 , 0.700543 , 1.0 , 0.000000 , 1.0 , 0.312500 , 1.0
48 , 6 , 0 , 0.794122 , 0.656299 , 0.669122 , 0.82644624 , 0.000000 , 1.0 , 0.125000 , 0.82644624
48 , 7 , 1 , 0.794122 , 0.656299 , 0.669122 , 0.82644624 , 0.000000 , 1.0 , 0.125000 , 0.82644624
48 , 8 , 2 , 0.794122 , 0.656299 , 0.669122 , 0.82644624 , 0.000000 , 1.0 , 0.125000 , 0.82644624
48 , 9 , 3 , 0.794122 , 0.656299 , 0.669122 , 0.82644624 , 0.000000 , 1.0 , 0.125000 , 0.82644624
48 , 10 , 4 , 0.794122 , 0.656299 , 0.669122 , 0.82644624 , 0.000000 , 1.0 , 0.125000 , 0.82644624
48 , 11 , 5 , 0.794122 , 0.656299 , 0.669122 , 0.82644624 , 0.000000 , 1.0 , 0.125000 , 0.82644624
49 , 1 , 0 , 1.090578 , 1.090578 , 0.715578 , 1.0 , 0.000000 , 1.0 , 0.375000 , 1.0
49 , 4 , 0 , 0.925533 , 0.785564 , 0.675533 , 0.82644624 , 0.000000 , 1.0 , 0.250000 , 0.9090909
49 , 5 , 1 , 0.925533 , 0.785564 , 0.675533 , 0.82644624 , 0.000000 , 1.0 , 0.250000 , 0.9090909
49 , 6 , 2 , 0.925533 , 0.785564 , 0.675533 , 0.82644624 , 0.000000 , 1.0 , 0.250000 , 0.9090909
49 , 7 , 3 , 0.923706 , 0.789736 , 0.673706 , 0.82644624 , 0.062500 , 1.0 , 0.187500 , 0.9090909
49 , 8 , 4 , 0.923706 , 0.789736 , 0.673706 , 0.82644624 , 0.062500 , 1.0 , 0.187500 , 0.9090909
49 , 9 , 5 , 0.923706 , 0.789736 , 0.673706 , 0.82644624 , 0.062500 , 1.0 , 0.187500 , 0.9090909
49 , 10 , 6 , 0.923706 , 0.789736 , 0.673706 , 0.82644624 , 0.062500 , 1.0 , 0.187500 , 0.9090909
49 , 11 , 7 , 0.923706 , 0.789736 , 0.673706 , 0.82644624 , 0.062500 , 1.0 , 0.187500 , 0.9090909
50 , 1 , 0 , 1.077243 , 1.077243 , 0.639743 , 1.0 , 0.000000 , 1.0 , 0.437500 , 1.0
50 , 5 , 0 , 0.982389 , 0.867254 , 0.669889 , 0.9090909 , 0.000000 , 1.0 , 0.312500 , 0.82644624
50 , 8 , 1 , 0.803110 , 0.701840 , 0.678110 , 0.9090909 , 0.000000 , 1.0 , 0.125000 , 0.6830134
50 , 9 , 2 , 0.803110 , 0.701840 , 0.678110 , 0.9090909 , 0.000000 , 1.0 , 0.125000 , 0.6830134
50 , 10 , 3 , 0.803110 , 0.701840 , 0.678110 , 0.9090909 , 0.000000 , 1.0 , 0.125000 , 0.6830134
50 , 11 , 4 , 0.803110 , 0.701840 , 0.678110 , 0.9090909 , 0.000000 , 1.0 , 0.125000 , 0.6830134
51 , 1 , 0 , 1.111366 , 1.111366 , 0.736366 , 1.0 , 0.000000 , 1.0 , 0.375000 , 1.0
51 , 4 , 0 , 1.082993 , 0.937391 , 0.707993 , 0.82644624 , 0.125000 , 1.0 , 0.250000 , 0.9090909
51 , 5 , 1 , 1.082993 , 0.937391 , 0.707993 , 0.82644624 , 0.125000 , 1.0 , 0.250000 , 0.9090909
51 , 6 , 2 , 1.082993 , 0.937391 , 0.707993 , 0.82644624 , 0.125000 , 1.0 , 0.250000 , 0.9090909
51 , 8 , 3 , 0.973048 , 0.780370 , 0.660548 , 0.75131476 , 0.000000 , 1.0 , 0.312500 , 0.9090909
51 , 9 , 4 , 0.973048 , 0.780370 , 0.660548 , 0.75131476 , 0.000000 , 1.0 , 0.312500 , 0.9090909
51 , 10 , 5 , 0.973048 , 0.780370 , 0.660548 , 0.75131476 , 0.000000 , 1.0 , 0.312500 , 0.9090909
51 , 11 , 6 , 0.973048 , 0.780370 , 0.660548 , 0.75131476 , 0.000000 , 1.0 , 0.312500 , 0.9090909
52 , 1 , 0 , 1.167821 , 1.167821 , 0.730321 , 1.0 , 0.062500 , 1.0 , 0.375000 , 1.0
52 , 5 , 0 , 0.968232 , 0.996667 , 0.718232 , 1.1 , 0.000000 , 1.0 , 0.250000 , 0.82644624
52 , 6 , 1 , 0.968232 , 0.996667 , 0.718232 , 1.1 , 0.000000 , 1.0 , 0.250000 , 0.82644624
52 , 7 , 2 , 0.968232 , 0.996667 , 0.718232 , 1.1 , 0.000000 , 1.0 , 0.250000 , 0.82644624
52 , 10 , 3 , 0.922406 , 0.949268 , 0.734906 , 1.1 , 0.000000 , 1.0 , 0.187500 , 0.75131476
53 , 1 , 0 , 1.262446 , 1.262446 , 0.699946 , 1.0 , 0.187500 , 1.0 , 0.375000 , 1.0
53 , 6 , 0 , 0.896832 , 0.669068 , 0.646832 , 0.6830134 , 0.000000 , 1.0 , 0.250000 , 0.9090909
53 , 7 , 1 , 0.896832 , 0.669068 , 0.646832 , 0.6830134 , 0.000000 , 1.0 , 0.250000 , 0.9090909
53 , 8 , 2 , 0.896832 , 0.669068 , 0.646832 , 0.6830134 , 0.000000 , 1.0 , 0.250000 , 0.9090909
53 , 10 , 3 , 0.895811 , 0.628271 , 0.645811 , 0.62092125 , 0.000000 , 1.0 , 0.250000 , 0.9090909
53 , 11 , 4 , 0.895811 , 0.628271 , 0.645811 , 0.62092125 , 0.000000 , 1.0 , 0.250000 , 0.9090909
54 , 1 , 0 , 1.119217 , 1.119217 , 0.681717 , 1.0 , 0.000000 , 1.0 , 0.437500 , 1.0
54 , 3 , 0 , 1.005938 , 1.046873 , 0.693438 , 1.1 , 0.000000 , 1.0 , 0.312500 , 0.9090909
54 , 5 , 1 , 1.347273 , 1.318864 , 0.659773 , 1.0 , 0.375000 , 1.0 , 0.312500 , 0.9090909
54 , 9 , 2 , 0.874553 , 0.765465 , 0.687053 , 0.9090909 , 0.000000 , 1.0 , 0.187500 , 0.75131476
54 , 10 , 3 , 0.874553 , 0.765465 , 0.687053 , 0.9090909 , 0.000000 , 1.0 , 0.187500 , 0.75131476
54 , 11 , 4 , 0.874553 , 0.765465 , 0.687053 , 0.9090909 , 0.000000 , 1.0 , 0.187500 , 0.75131476
55 , 1 , 0 , 1.206873 , 1.206873 , 0.644373 , 1.0 , 0.250000 , 1.0 , 0.312500 , 1.0
55 , 2 , 0 , 1.536639 , 1.536639 , 0.661639 , 1.0 , 0.687500 , 1.0 , 0.187500 , 1.0
55 , 4 , 1 , 0.812190 , 0.869546 , 0.687190 , 1.1 , 0.000000 , 0.9090909 , 0.125000 , 0.9090909
55 , 5 , 2 , 0.812190 , 0.869546 , 0.687190 , 1.1 , 0.000000 , 0.9090909 , 0.125000 , 0.9090909
55 , 6 , 3 , 0.812190 , 0.869546 , 0.687190 , 1.1 , 0.000000 , 0.9090909 , 0.125000 , 0.9090909
55 , 7 , 4 , 0.812190 , 0.869546 , 0.687190 , 1.1 , 0.000000 , 0.9090909 , 0.125000 , 0.9090909
55 , 8 , 5 , 0.812190 , 0.869546 , 0.687190 , 1.1 , 0.000000 , 0.9090909 , 0.125000 , 0.9090909
55 , 9 , 6 , 0.812190 , 0.869546 , 0.687190 , 1.1 , 0.000000 , 0.9090909 , 0.125000 , 0.9090909
55 , 10 , 7 , 0.812190 , 0.869546 , 0.687190 , 1.1 , 0.000000 , 0.9090909 , 0.125000 , 0.9090909
55 , 11 , 8 , 0.812190 , 0.869546 , 0.687190 , 1.1 , 0.000000 , 0.9090909 , 0.125000 , 0.9090909
56 , 1 , 0 , 1.214401 , 1.214401 , 0.651901 , 1.0 , 0.187500 , 1.0 , 0.375000 , 1.0
56 , 3 , 0 , 1.147827 , 1.060524 , 0.647827 , 0.9090909 , 0.187500 , 1.0 , 0.312500 , 0.9090909
56 , 6 , 1 , 0.867818 , 0.889222 , 0.680318 , 1.1 , 0.000000 , 1.0 , 0.187500 , 0.75131476
56 , 7 , 2 , 0.867818 , 0.889222 , 0.680318 , 1.1 , 0.000000 , 1.0 , 0.187500 , 0.75131476
56 , 8 , 3 , 0.867818 , 0.889222 , 0.680318 , 1.1 , 0.000000 , 1.0 , 0.187500 , 0.75131476
56 , 9 , 4 , 0.867818 , 0.889222 , 0.680318 , 1.1 , 0.000000 , 1.0 , 0.187500 , 0.75131476
56 , 10 , 5 , 0.867818 , 0.889222 , 0.680318 , 1.1 , 0.000000 , 1.0 , 0.187500 , 0.75131476
56 , 11 , 6 , 0.867818 , 0.889222 , 0.680318 , 1.1 , 0.000000 , 1.0 , 0.187500 , 0.75131476
57 , 1 , 0 , 1.042680 , 1.042680 , 0.730179 , 1.0 , 0.000000 , 1.0 , 0.312500 , 1.0
57 , 4 , 0 , 0.935257 , 0.918212 , 0.747757 , 1.0 , 0.000000 , 1.0 , 0.187500 , 0.9090909
57 , 5 , 1 , 0.935257 , 0.918212 , 0.747757 , 1.0 , 0.000000 , 1.0 , 0.187500 , 0.9090909
57 , 6 , 2 , 0.935257 , 0.918212 , 0.747757 , 1.0 , 0.000000 , 1.0 , 0.187500 , 0.9090909
57 , 7 , 3 , 0.935257 , 0.918212 , 0.747757 , 1.0 , 0.000000 , 1.0 , 0.187500 , 0.9090909
57 , 8 , 4 , 0.935257 , 0.918212 , 0.747757 , 1.0 , 0.000000 , 1.0 , 0.187500 , 0.9090909
57 , 9 , 5 , 0.935257 , 0.918212 , 0.747757 , 1.0 , 0.000000 , 1.0 , 0.187500 , 0.9090909
57 , 10 , 6 , 0.935257 , 0.918212 , 0.747757 , 1.0 , 0.000000 , 1.0 , 0.187500 , 0.9090909
57 , 11 , 7 , 1.090629 , 1.067902 , 0.653129 , 1.0 , 0.187500 , 1.0 , 0.250000 , 0.9090909
58 , 1 , 0 , 1.433142 , 1.433142 , 0.683142 , 1.0 , 0.500000 , 1.0 , 0.250000 , 1.0
58 , 3 , 0 , 0.827644 , 0.886545 , 0.702644 , 1.1 , 0.000000 , 0.9090909 , 0.125000 , 0.9090909
58 , 4 , 1 , 0.827644 , 0.886545 , 0.702644 , 1.1 , 0.000000 , 0.9090909 , 0.125000 , 0.9090909
58 , 5 , 2 , 0.827644 , 0.886545 , 0.702644 , 1.1 , 0.000000 , 0.9090909 , 0.125000 , 0.9090909
58 , 6 , 3 , 0.827644 , 0.886545 , 0.702644 , 1.1 , 0.000000 , 0.9090909 , 0.125000 , 0.9090909
58 , 7 , 4 , 0.827644 , 0.886545 , 0.702644 , 1.1 , 0.000000 , 0.9090909 , 0.125000 , 0.9090909
58 , 8 , 5 , 0.827644 , 0.886545 , 0.702644 , 1.1 , 0.000000 , 0.9090909 , 0.125000 , 0.9090909
58 , 9 , 6 , 0.827644 , 0.886545 , 0.702644 , 1.1 , 0.000000 , 0.9090909 , 0.125000 , 0.9090909
58 , 10 , 7 , 0.827644 , 0.886545 , 0.702644 , 1.1 , 0.000000 , 0.9090909 , 0.125000 , 0.9090909
58 , 11 , 8 , 0.827644 , 0.886545 , 0.702644 , 1.1 , 0.000000 , 0.9090909 , 0.125000 , 0.9090909
59 , 1 , 0 , 0.972682 , 0.972682 , 0.660182 , 1.0 , 0.000000 , 1.0 , 0.312500 , 1.0
59 , 3 , 0 , 0.970038 , 0.910262 , 0.657538 , 0.9090909 , 0.000000 , 1.0 , 0.312500 , 1.0
59 , 4 , 1 , 1.106223 , 1.045430 , 0.668723 , 0.9090909 , 0.250000 , 1.0 , 0.187500 , 1.0
59 , 5 , 2 , 1.105243 , 1.044539 , 0.667743 , 0.9090909 , 0.312500 , 1.0 , 0.125000 , 1.0
59 , 7 , 3 , 0.779092 , 0.654208 , 0.654092 , 0.82644624 , 0.000000 , 1.0 , 0.125000 , 0.9090909
59 , 8 , 4 , 0.779092 , 0.654208 , 0.654092 , 0.82644624 , 0.000000 , 1.0 , 0.125000 , 0.9090909
59 , 9 , 5 , 0.779092 , 0.654208 , 0.654092 , 0.82644624 , 0.000000 , 1.0 , 0.125000 , 0.9090909
59 , 10 , 6 , 0.779092 , 0.654208 , 0.654092 , 0.82644624 , 0.000000 , 1.0 , 0.125000 , 0.9090909
59 , 11 , 7 , 0.779092 , 0.654208 , 0.654092 , 0.82644624 , 0.000000 , 1.0 , 0.125000 , 0.9090909
60 , 1 , 0 , 1.131925 , 1.131925 , 0.694425 , 1.0 , 0.000000 , 1.0 , 0.437500 , 1.0
60 , 2 , 0 , 1.131925 , 1.131925 , 0.694425 , 1.0 , 0.000000 , 1.0 , 0.437500 , 1.0
60 , 3 , 1 , 1.131925 , 1.131925 , 0.694425 , 1.0 , 0.000000 , 1.0 , 0.437500 , 1.0
60 , 6 , 2 , 1.037650 , 0.888554 , 0.662650 , 0.82644624 , 0.000000 , 1.0 , 0.375000 , 0.9090909
60 , 8 , 3 , 0.989277 , 0.873516 , 0.676777 , 0.9090909 , 0.000000 , 1.0 , 0.312500 , 0.82644624
60 , 9 , 4 , 1.086283 , 0.983914 , 0.648783 , 0.9090909 , 0.187500 , 1.0 , 0.250000 , 0.82644624
60 , 10 , 5 , 1.086283 , 0.983914 , 0.648783 , 0.9090909 , 0.187500 , 1.0 , 0.250000 , 0.82644624
60 , 11 , 6 , 1.086283 , 0.983914 , 0.648783 , 0.9090909 , 0.187500 , 1.0 , 0.250000 , 0.82644624
61 , 1 , 0 , 0.961529 , 0.961529 , 0.649029 , 1.0 , 0.000000 , 1.0 , 0.312500 , 1.0
61 , 3 , 0 , 0.961274 , 0.902295 , 0.648774 , 0.9090909 , 0.000000 , 1.0 , 0.312500 , 1.0
61 , 4 , 1 , 0.961274 , 0.902295 , 0.648774 , 0.9090909 , 0.000000 , 1.0 , 0.312500 , 1.0
61 , 5 , 2 , 0.961274 , 0.902295 , 0.648774 , 0.9090909 , 0.000000 , 1.0 , 0.312500 , 1.0
61 , 6 , 3 , 0.961274 , 0.902295 , 0.648774 , 0.9090909 , 0.000000 , 1.0 , 0.312500 , 1.0
61 , 10 , 4 , 0.903214 , 0.767119 , 0.653214 , 0.82644624 , 0.000000 , 1.0 , 0.250000 , 0.9090909
61 , 11 , 5 , 0.903214 , 0.767119 , 0.653214 , 0.82644624 , 0.000000 , 1.0 , 0.250000 , 0.9090909
62 , 1 , 0 , 1.016455 , 1.016455 , 0.703955 , 1.0 , 0.000000 , 1.0 , 0.312500 , 1.0
62 , 5 , 0 , 0.901429 , 0.716701 , 0.651429 , 0.75131476 , 0.000000 , 1.0 , 0.250000 , 0.9090909
62 , 6 , 1 , 0.901429 , 0.716701 , 0.651429 , 0.75131476 , 0.000000 , 1.0 , 0.250000 , 0.9090909
62 , 8 , 2 , 0.843252 , 0.696903 , 0.655752 , 0.82644624 , 0.000000 , 1.0 , 0.187500 , 0.82644624
62 , 9 , 3 , 0.843252 , 0.696903 , 0.655752 , 0.82644624 , 0.000000 , 1.0 , 0.187500 , 0.82644624
62 , 10 , 4 , 1.008092 , 0.865675 , 0.695592 , 0.82644624 , 0.187500 , 1.0 , 0.125000 , 0.82644624
62 , 11 , 5 , 1.008092 , 0.865675 , 0.695592 , 0.82644624 , 0.187500 , 1.0 , 0.125000 , 0.82644624
63 , 1 , 0 , 1.315164 , 1.315164 , 0.752664 , 1.0 , 0.187500 , 1.0 , 0.375000 , 1.0
63 , 3 , 0 , 0.953819 , 0.867108 , 0.703819 , 0.9090909 , 0.000000 , 0.9090909 , 0.250000 , 0.9090909
63 , 4 , 1 , 0.953819 , 0.867108 , 0.703819 , 0.9090909 , 0.000000 , 0.9090909 , 0.250000 , 0.9090909
63 , 6 , 2 , 0.829099 , 0.685206 , 0.641599 , 0.82644624 , 0.000000 , 1.0 , 0.187500 , 0.82644624
63 , 7 , 3 , 0.829099 , 0.685206 , 0.641599 , 0.82644624 , 0.000000 , 1.0 , 0.187500 , 0.82644624
63 , 8 , 4 , 0.829099 , 0.685206 , 0.641599 , 0.82644624 , 0.000000 , 1.0 , 0.187500 , 0.82644624
63 , 9 , 5 , 0.829099 , 0.685206 , 0.641599 , 0.82644624 , 0.000000 , 1.0 , 0.187500 , 0.82644624
63 , 10 , 6 , 0.829099 , 0.685206 , 0.641599 , 0.82644624 , 0.000000 , 1.0 , 0.187500 , 0.82644624
63 , 11 , 7 , 0.829099 , 0.685206 , 0.641599 , 0.82644624 , 0.000000 , 1.0 , 0.187500 , 0.82644624
64 , 1 , 0 , 1.772461 , 1.772461 , 0.647461 , 1.0 , 0.750000 , 1.0 , 0.375000 , 1.0
64 , 3 , 0 , 0.931734 , 0.977180 , 0.681734 , 1.1 , 0.000000 , 0.9090909 , 0.250000 , 0.9090909
64 , 4 , 1 , 0.931734 , 0.977180 , 0.681734 , 1.1 , 0.000000 , 0.9090909 , 0.250000 , 0.9090909
64 , 5 , 2 , 0.931734 , 0.977180 , 0.681734 , 1.1 , 0.000000 , 0.9090909 , 0.250000 , 0.9090909
64 , 7 , 3 , 1.099306 , 1.082261 , 0.661806 , 1.0 , 0.250000 , 1.0 , 0.187500 , 0.9090909
64 , 8 , 4 , 1.099306 , 1.082261 , 0.661806 , 1.0 , 0.250000 , 1.0 , 0.187500 , 0.9090909
64 , 9 , 5 , 1.099306 , 1.082261 , 0.661806 , 1.0 , 0.250000 , 1.0 , 0.187500 , 0.9090909
64 , 10 , 6 , 1.099306 , 1.082261 , 0.661806 , 1.0 , 0.250000 , 1.0 , 0.187500 , 0.9090909
64 , 11 , 7 , 1.099306 , 1.082261 , 0.661806 , 1.0 , 0.250000 , 1.0 , 0.187500 , 0.9090909
65 , 1 , 0 , 1.080146 , 1.080146 , 0.767646 , 1.0 , 0.000000 , 1.0 , 0.312500 , 1.0
65 , 2 , 0 , 1.080146 , 1.080146 , 0.767646 , 1.0 , 0.000000 , 1.0 , 0.312500 , 1.0
65 , 7 , 1 , 0.821888 , 0.790803 , 0.696888 , 1.0 , 0.000000 , 1.0 , 0.125000 , 0.75131476
65 , 8 , 2 , 0.821888 , 0.790803 , 0.696888 , 1.0 , 0.000000 , 1.0 , 0.125000 , 0.75131476
65 , 9 , 3 , 0.821888 , 0.790803 , 0.696888 , 1.0 , 0.000000 , 1.0 , 0.125000 , 0.75131476
65 , 10 , 4 , 0.821888 , 0.790803 , 0.696888 , 1.0 , 0.000000 , 1.0 , 0.125000 , 0.75131476
65 , 11 , 5 , 0.821888 , 0.790803 , 0.696888 , 1.0 , 0.000000 , 1.0 , 0.125000 , 0.75131476
66 , 1 , 0 , 0.976477 , 0.976477 , 0.726477 , 1.0 , 0.000000 , 1.0 , 0.250000 , 1.0
66 , 3 , 0 , 0.935865 , 0.873513 , 0.685865 , 0.9090909 , 0.000000 , 1.0 , 0.250000 , 1.0
66 , 4 , 1 , 1.351763 , 1.291376 , 0.664263 , 0.9090909 , 0.437500 , 1.0 , 0.250000 , 1.0
66 , 5 , 2 , 1.351763 , 1.291376 , 0.664263 , 0.9090909 , 0.437500 , 1.0 , 0.250000 , 1.0
66 , 6 , 3 , 1.351763 , 1.291376 , 0.664263 , 0.9090909 , 0.437500 , 1.0 , 0.250000 , 1.0
66 , 7 , 4 , 1.351763 , 1.291376 , 0.664263 , 0.9090909 , 0.437500 , 1.0 , 0.250000 , 1.0
66 , 8 , 5 , 1.351763 , 1.291376 , 0.664263 , 0.9090909 , 0.437500 , 1.0 , 0.250000 , 1.0
66 , 9 , 6 , 1.351763 , 1.291376 , 0.664263 , 0.9090909 , 0.437500 , 1.0 , 0.250000 , 1.0
66 , 10 , 7 , 1.351763 , 1.291376 , 0.664263 , 0.9090909 , 0.437500 , 1.0 , 0.250000 , 1.0
66 , 11 , 8 , 1.351763 , 1.291376 , 0.664263 , 0.9090909 , 0.437500 , 1.0 , 0.250000 , 1.0
67 , 1 , 0 , 0.968627 , 0.968627 , 0.656127 , 1.0 , 0.000000 , 1.0 , 0.312500 , 1.0
67 , 3 , 0 , 1.123631 , 1.066937 , 0.623631 , 0.9090909 , 0.250000 , 1.0 , 0.250000 , 1.0
67 , 4 , 1 , 1.123631 , 1.066937 , 0.623631 , 0.9090909 , 0.250000 , 1.0 , 0.250000 , 1.0
67 , 5 , 2 , 1.123631 , 1.066937 , 0.623631 , 0.9090909 , 0.250000 , 1.0 , 0.250000 , 1.0
67 , 6 , 3 , 1.123631 , 1.066937 , 0.623631 , 0.9090909 , 0.250000 , 1.0 , 0.250000 , 1.0
67 , 7 , 4 , 1.123631 , 1.066937 , 0.623631 , 0.9090909 , 0.250000 , 1.0 , 0.250000 , 1.0
67 , 8 , 5 , 1.123631 , 1.066937 , 0.623631 , 0.9090909 , 0.250000 , 1.0 , 0.250000 , 1.0
67 , 9 , 6 , 1.123631 , 1.066937 , 0.623631 , 0.9090909 , 0.250000 , 1.0 , 0.250000 , 1.0
68 , 1 , 0 , 1.116742 , 1.116742 , 0.741742 , 1.0 , 0.000000 , 1.0 , 0.375000 , 1.0
68 , 3 , 0 , 1.594116 , 1.500333 , 0.656616 , 0.9090909 , 0.562500 , 1.0 , 0.375000 , 0.9090909
68 , 4 , 1 , 1.370639 , 1.280127 , 0.683139 , 0.9090909 , 0.375000 , 1.0 , 0.312500 , 0.9090909
68 , 10 , 2 , 0.813259 , 0.662723 , 0.688259 , 0.82644624 , 0.000000 , 1.0 , 0.125000 , 0.75131476
68 , 11 , 3 , 0.813259 , 0.662723 , 0.688259 , 0.82644624 , 0.000000 , 1.0 , 0.125000 , 0.75131476
69 , 1 , 0 , 1.141171 , 1.141171 , 0.766171 , 1.0 , 0.000000 , 1.0 , 0.375000 , 1.0
69 , 5 , 0 , 0.913386 , 0.809690 , 0.663386 , 0.9090909 , 0.000000 , 1.0 , 0.250000 , 0.82644624
69 , 6 , 1 , 0.913386 , 0.809690 , 0.663386 , 0.9090909 , 0.000000 , 1.0 , 0.250000 , 0.82644624
69 , 7 , 2 , 0.913386 , 0.809690 , 0.663386 , 0.9090909 , 0.000000 , 1.0 , 0.250000 , 0.82644624
69 , 8 , 3 , 0.913386 , 0.809690 , 0.663386 , 0.9090909 , 0.000000 , 1.0 , 0.250000 , 0.82644624
69 , 9 , 4 , 0.913386 , 0.809690 , 0.663386 , 0.9090909 , 0.000000 , 1.0 , 0.250000 , 0.82644624
69 , 10 , 5 , 0.913386 , 0.809690 , 0.663386 , 0.9090909 , 0.000000 , 1.0 , 0.250000 , 0.82644624
70 , 1 , 0 , 1.480898 , 1.480898 , 0.730898 , 1.0 , 0.250000 , 1.0 , 0.500000 , 1.0
70 , 3 , 0 , 1.340456 , 1.241324 , 0.715456 , 0.9090909 , 0.250000 , 1.0 , 0.375000 , 0.9090909
70 , 4 , 1 , 1.340456 , 1.241324 , 0.715456 , 0.9090909 , 0.250000 , 1.0 , 0.375000 , 0.9090909
70 , 12 , 2 , 0.898658 , 0.553979 , 0.648658 , 0.56447387 , 0.000000 , 1.0 , 0.250000 , 0.75131476
71 , 1 , 0 , 0.859367 , 0.859367 , 0.671867 , 1.0 , 0.000000 , 1.0 , 0.187500 , 1.0
71 , 3 , 0 , 0.819095 , 0.761677 , 0.631595 , 0.9090909 , 0.000000 , 1.0 , 0.187500 , 1.0
71 , 4 , 1 , 0.819095 , 0.761677 , 0.631595 , 0.9090909 , 0.000000 , 1.0 , 0.187500 , 1.0
71 , 5 , 2 , 0.819095 , 0.761677 , 0.631595 , 0.9090909 , 0.000000 , 1.0 , 0.187500 , 1.0
71 , 6 , 3 , 0.819095 , 0.761677 , 0.631595 , 0.9090909 , 0.000000 , 1.0 , 0.187500 , 1.0
71 , 7 , 4 , 0.819095 , 0.761677 , 0.631595 , 0.9090909 , 0.000000 , 1.0 , 0.187500 , 1.0
71 , 8 , 5 , 0.819095 , 0.761677 , 0.631595 , 0.9090909 , 0.000000 , 1.0 , 0.187500 , 1.0
71 , 9 , 6 , 0.819095 , 0.761677 , 0.631595 , 0.9090909 , 0.000000 , 1.0 , 0.187500 , 1.0
71 , 10 , 7 , 0.819095 , 0.761677 , 0.631595 , 0.9090909 , 0.000000 , 1.0 , 0.187500 , 1.0
71 , 11 , 8 , 0.819095 , 0.761677 , 0.631595 , 0.9090909 , 0.000000 , 1.0 , 0.187500 , 1.0
72 , 1 , 0 , 1.067122 , 1.067122 , 0.692122 , 1.0 , 0.000000 , 1.0 , 0.375000 , 1.0
72 , 5 , 0 , 0.866459 , 0.772194 , 0.678959 , 0.9090909 , 0.000000 , 1.0 , 0.187500 , 0.82644624
72 , 6 , 1 , 1.161118 , 1.079322 , 0.661118 , 0.9090909 , 0.375000 , 1.0 , 0.125000 , 0.82644624
72 , 7 , 2 , 1.161118 , 1.079322 , 0.661118 , 0.9090909 , 0.375000 , 1.0 , 0.125000 , 0.82644624
72 , 8 , 3 , 1.161118 , 1.079322 , 0.661118 , 0.9090909 , 0.375000 , 1.0 , 0.125000 , 0.82644624
72 , 9 , 4 , 1.161118 , 1.079322 , 0.661118 , 0.9090909 , 0.375000 , 1.0 , 0.125000 , 0.82644624
72 , 10 , 5 , 1.161118 , 1.079322 , 0.661118 , 0.9090909 , 0.375000 , 1.0 , 0.125000 , 0.82644624
72 , 11 , 6 , 1.161118 , 1.079322 , 0.661118 , 0.9090909 , 0.375000 , 1.0 , 0.125000 , 0.82644624
73 , 1 , 0 , 0.950771 , 0.950771 , 0.700771 , 1.0 , 0.000000 , 1.0 , 0.250000 , 1.0
73 , 3 , 0 , 0.944216 , 0.881105 , 0.694216 , 0.9090909 , 0.000000 , 1.0 , 0.250000 , 1.0
73 , 5 , 1 , 0.856217 , 0.723113 , 0.668717 , 0.82644624 , 0.000000 , 1.0 , 0.187500 , 0.9090909
73 , 7 , 2 , 0.850724 , 0.668744 , 0.663224 , 0.75131476 , 0.000000 , 1.0 , 0.187500 , 0.9090909
73 , 8 , 3 , 0.850724 , 0.668744 , 0.663224 , 0.75131476 , 0.000000 , 1.0 , 0.187500 , 0.9090909
73 , 9 , 4 , 0.850724 , 0.668744 , 0.663224 , 0.75131476 , 0.000000 , 1.0 , 0.187500 , 0.9090909
73 , 10 , 5 , 0.850724 , 0.668744 , 0.663224 , 0.75131476 , 0.000000 , 1.0 , 0.187500 , 0.9090909
73 , 11 , 6 , 0.850724 , 0.668744 , 0.663224 , 0.75131476 , 0.000000 , 1.0 , 0.187500 , 0.9090909
74 , 1 , 0 , 1.270655 , 1.270655 , 0.770655 , 1.0 , 0.125000 , 1.0 , 0.375000 , 1.0
74 , 8 , 0 , 0.847886 , 0.591924 , 0.660386 , 0.6830134 , 0.000000 , 1.0 , 0.187500 , 0.75131476
74 , 9 , 1 , 0.847886 , 0.591924 , 0.660386 , 0.6830134 , 0.000000 , 1.0 , 0.187500 , 0.75131476
74 , 10 , 2 , 0.847886 , 0.591924 , 0.660386 , 0.6830134 , 0.000000 , 1.0 , 0.187500 , 0.75131476
74 , 11 , 3 , 0.847886 , 0.591924 , 0.660386 , 0.6830134 , 0.000000 , 1.0 , 0.187500 , 0.75131476
75 , 1 , 0 , 1.057958 , 1.057958 , 0.745458 , 1.0 , 0.000000 , 1.0 , 0.312500 , 1.0
75 , 5 , 0 , 1.042933 , 1.083435 , 0.730433 , 1.1 , 0.125000 , 1.0 , 0.187500 , 0.82644624
75 , 6 , 1 , 1.042933 , 1.083435 , 0.730433 , 1.1 , 0.125000 , 1.0 , 0.187500 , 0.82644624
75 , 7 , 2 , 1.042933 , 1.083435 , 0.730433 , 1.1 , 0.125000 , 1.0 , 0.187500 , 0.82644624
75 , 8 , 3 , 1.042933 , 1.083435 , 0.730433 , 1.1 , 0.125000 , 1.0 , 0.187500 , 0.82644624
75 , 9 , 4 , 1.010095 , 1.041063 , 0.635095 , 1.1 , 0.187500 , 1.0 , 0.187500 , 0.82644624
75 , 10 , 5 , 1.010095 , 1.041063 , 0.635095 , 1.1 , 0.187500 , 1.0 , 0.187500 , 0.82644624
75 , 11 , 6 , 1.010095 , 1.041063 , 0.635095 , 1.1 , 0.187500 , 1.0 , 0.187500 , 0.82644624
76 , 1 , 0 , 1.283797 , 1.283797 , 0.658797 , 1.0 , 0.250000 , 1.0 , 0.375000 , 1.0
76 , 7 , 0 , 0.905913 , 0.890370 , 0.655913 , 1.0 , 0.187500 , 1.0 , 0.062500 , 0.75131476
76 , 8 , 1 , 0.905913 , 0.890370 , 0.655913 , 1.0 , 0.187500 , 1.0 , 0.062500 , 0.75131476
76 , 9 , 2 , 0.905913 , 0.890370 , 0.655913 , 1.0 , 0.187500 , 1.0 , 0.062500 , 0.75131476
76 , 10 , 3 , 0.905913 , 0.890370 , 0.655913 , 1.0 , 0.187500 , 1.0 , 0.062500 , 0.75131476
76 , 11 , 4 , 0.905913 , 0.890370 , 0.655913 , 1.0 , 0.187500 , 1.0 , 0.062500 , 0.75131476
77 , 1 , 0 , 0.798886 , 0.798886 , 0.673886 , 1.0 , 0.000000 , 1.0 , 0.125000 , 1.0
77 , 3 , 0 , 0.793271 , 0.732519 , 0.668271 , 0.9090909 , 0.000000 , 1.0 , 0.125000 , 1.0
77 , 4 , 1 , 0.793271 , 0.732519 , 0.668271 , 0.9090909 , 0.000000 , 1.0 , 0.125000 , 1.0
77 , 5 , 2 , 0.793271 , 0.732519 , 0.668271 , 0.9090909 , 0.000000 , 1.0 , 0.125000 , 1.0
77 , 6 , 3 , 0.793271 , 0.732519 , 0.668271 , 0.9090909 , 0.000000 , 1.0 , 0.125000 , 1.0
77 , 7 , 4 , 0.793271 , 0.732519 , 0.668271 , 0.9090909 , 0.000000 , 1.0 , 0.125000 , 1.0
77 , 8 , 5 , 0.793271 , 0.732519 , 0.668271 , 0.9090909 , 0.000000 , 1.0 , 0.125000 , 1.0
77 , 9 , 6 , 0.793271 , 0.732519 , 0.668271 , 0.9090909 , 0.000000 , 1.0 , 0.125000 , 1.0
77 , 10 , 7 , 0.793271 , 0.732519 , 0.668271 , 0.9090909 , 0.000000 , 1.0 , 0.125000 , 1.0
77 , 11 , 8 , 0.793271 , 0.732519 , 0.668271 , 0.9090909 , 0.000000 , 1.0 , 0.125000 , 1.0
78 , 1 , 0 , 1.047732 , 1.047732 , 0.672732 , 1.0 , 0.125000 , 1.0 , 0.250000 , 1.0
78 , 3 , 0 , 1.047620 , 0.986473 , 0.672620 , 0.9090909 , 0.125000 , 1.0 , 0.250000 , 1.0
78 , 4 , 1 , 1.047620 , 0.986473 , 0.672620 , 0.9090909 , 0.125000 , 1.0 , 0.250000 , 1.0
78 , 5 , 2 , 1.047620 , 0.986473 , 0.672620 , 0.9090909 , 0.125000 , 1.0 , 0.250000 , 1.0
78 , 6 , 3 , 1.095068 , 1.035290 , 0.657569 , 0.9090909 , 0.187500 , 1.0 , 0.250000 , 1.0
78 , 10 , 4 , 0.795327 , 0.657295 , 0.670327 , 0.82644624 , 0.000000 , 1.0 , 0.125000 , 0.82644624
78 , 11 , 5 , 0.795327 , 0.657295 , 0.670327 , 0.82644624 , 0.000000 , 1.0 , 0.125000 , 0.82644624
79 , 1 , 0 , 1.001467 , 1.001467 , 0.751467 , 1.0 , 0.000000 , 1.0 , 0.250000 , 1.0
79 , 3 , 0 , 0.880388 , 0.800353 , 0.692888 , 0.9090909 , 0.000000 , 1.0 , 0.187500 , 0.9090909
79 , 4 , 1 , 0.880388 , 0.800353 , 0.692888 , 0.9090909 , 0.000000 , 1.0 , 0.187500 , 0.9090909
79 , 7 , 2 , 0.796749 , 0.608000 , 0.671749 , 0.75131476 , 0.000000 , 1.0 , 0.125000 , 0.82644624
79 , 8 , 3 , 0.796749 , 0.608000 , 0.671749 , 0.75131476 , 0.000000 , 1.0 , 0.125000 , 0.82644624
79 , 9 , 4 , 0.796749 , 0.608000 , 0.671749 , 0.75131476 , 0.000000 , 1.0 , 0.125000 , 0.82644624
79 , 10 , 5 , 0.796749 , 0.608000 , 0.671749 , 0.75131476 , 0.000000 , 1.0 , 0.125000 , 0.82644624
79 , 11 , 6 , 0.796749 , 0.608000 , 0.671749 , 0.75131476 , 0.000000 , 1.0 , 0.125000 , 0.82644624
80 , 1 , 0 , 1.090377 , 1.090377 , 0.715377 , 1.0 , 0.000000 , 1.0 , 0.375000 , 1.0
80 , 8 , 0 , 0.890334 , 0.857793 , 0.702834 , 1.0 , 0.000000 , 1.0 , 0.187500 , 0.82644624
80 , 9 , 1 , 0.890334 , 0.857793 , 0.702834 , 1.0 , 0.000000 , 1.0 , 0.187500 , 0.82644624
80 , 10 , 2 , 1.200773 , 1.168232 , 0.638273 , 1.0 , 0.375000 , 1.0 , 0.187500 , 0.82644624
80 , 11 , 3 , 1.027315 , 1.005620 , 0.652315 , 1.0 , 0.250000 , 1.0 , 0.125000 , 0.82644624
81 , 1 , 0 , 1.164239 , 1.164239 , 0.789239 , 1.0 , 0.000000 , 1.0 , 0.375000 , 1.0
81 , 4 , 0 , 0.982055 , 0.965010 , 0.794555 , 1.0 , 0.000000 , 1.0 , 0.187500 , 0.9090909
81 , 5 , 1 , 1.032253 , 0.998162 , 0.657253 , 1.0 , 0.000000 , 1.0 , 0.375000 , 0.9090909
81 , 6 , 2 , 1.029664 , 0.995573 , 0.654664 , 1.0 , 0.000000 , 1.0 , 0.375000 , 0.9090909
81 , 8 , 3 , 1.266639 , 1.196944 , 0.641639 , 0.9090909 , 0.500000 , 1.0 , 0.125000 , 0.9090909
81 , 9 , 4 , 1.266639 , 1.196944 , 0.641639 , 0.9090909 , 0.500000 , 1.0 , 0.125000 , 0.9090909
81 , 10 , 5 , 1.266639 , 1.196944 , 0.641639 , 0.9090909 , 0.500000 , 1.0 , 0.125000 , 0.9090909
82 , 1 , 0 , 1.081487 , 1.081487 , 0.768987 , 1.0 , 0.000000 , 1.0 , 0.312500 , 1.0
82 , 2 , 0 , 1.117728 , 1.117728 , 0.742728 , 1.0 , 0.062500 , 1.0 , 0.312500 , 1.0
82 , 4 , 1 , 1.020051 , 1.074329 , 0.770052 , 1.1 , 0.000000 , 1.0 , 0.250000 , 0.9090909
82 , 6 , 2 , 1.014218 , 0.991490 , 0.764218 , 1.0 , 0.000000 , 1.0 , 0.250000 , 0.9090909
82 , 8 , 3 , 1.040956 , 0.946324 , 0.665956 , 0.9090909 , 0.000000 , 1.0 , 0.375000 , 0.9090909
82 , 10 , 4 , 1.214623 , 1.101444 , 0.652123 , 0.82644624 , 0.250000 , 1.0 , 0.312500 , 1.0
83 , 1 , 0 , 0.935571 , 0.935571 , 0.685571 , 1.0 , 0.000000 , 1.0 , 0.250000 , 1.0
83 , 3 , 0 , 0.864117 , 0.785561 , 0.676617 , 0.9090909 , 0.000000 , 1.0 , 0.187500 , 0.9090909
83 , 5 , 1 , 0.909647 , 0.778118 , 0.659647 , 0.82644624 , 0.062500 , 1.0 , 0.187500 , 0.9090909
83 , 6 , 2 , 0.909647 , 0.778118 , 0.659647 , 0.82644624 , 0.062500 , 1.0 , 0.187500 , 0.9090909
83 , 7 , 3 , 0.909647 , 0.778118 , 0.659647 , 0.82644624 , 0.062500 , 1.0 , 0.187500 , 0.9090909
83 , 8 , 4 , 0.909647 , 0.778118 , 0.659647 , 0.82644624 , 0.062500 , 1.0 , 0.187500 , 0.9090909
83 , 9 , 5 , 0.909647 , 0.778118 , 0.659647 , 0.82644624 , 0.062500 , 1.0 , 0.187500 , 0.9090909
83 , 10 , 6 , 0.870355 , 0.740479 , 0.682855 , 0.82644624 , 0.062500 , 1.0 , 0.125000 , 0.9090909
83 , 11 , 7 , 0.869397 , 0.739688 , 0.681897 , 0.82644624 , 0.062500 , 1.0 , 0.125000 , 0.9090909
84 , 1 , 0 , 1.065085 , 1.065085 , 0.752585 , 1.0 , 0.000000 , 1.0 , 0.312500 , 1.0
84 , 9 , 0 , 1.358295 , 1.031724 , 0.670795 , 0.513158 , 0.500000 , 1.0 , 0.187500 , 1.0
84 , 11 , 1 , 0.857618 , 0.548719 , 0.670118 , 0.56447387 , 0.000000 , 1.0 , 0.187500 , 0.9090909
84 , 12 , 2 , 0.844250 , 0.541173 , 0.656750 , 0.56447387 , 0.000000 , 1.0 , 0.187500 , 0.9090909
85 , 1 , 0 , 1.010811 , 1.010811 , 0.698311 , 1.0 , 0.000000 , 1.0 , 0.312500 , 1.0
85 , 4 , 0 , 0.937237 , 0.914509 , 0.687237 , 1.0 , 0.000000 , 1.0 , 0.250000 , 0.9090909
85 , 5 , 1 , 0.937237 , 0.914509 , 0.687237 , 1.0 , 0.000000 , 1.0 , 0.250000 , 0.9090909
85 , 8 , 2 , 0.927700 , 0.787355 , 0.677700 , 0.82644624 , 0.000000 , 1.0 , 0.250000 , 0.9090909
85 , 10 , 3 , 1.106166 , 0.917152 , 0.668666 , 0.75131476 , 0.187500 , 1.0 , 0.250000 , 0.9090909
85 , 11 , 4 , 1.268221 , 1.085534 , 0.643221 , 0.75131476 , 0.375000 , 1.0 , 0.250000 , 0.9090909
86 , 1 , 0 , 0.900337 , 0.900337 , 0.650337 , 1.0 , 0.000000 , 1.0 , 0.250000 , 1.0
86 , 3 , 0 , 0.833762 , 0.757966 , 0.646262 , 0.9090909 , 0.000000 , 1.0 , 0.187500 , 0.9090909
86 , 4 , 1 , 0.833762 , 0.757966 , 0.646262 , 0.9090909 , 0.000000 , 1.0 , 0.187500 , 0.9090909
86 , 5 , 2 , 0.833762 , 0.757966 , 0.646262 , 0.9090909 , 0.000000 , 1.0 , 0.187500 , 0.9090909
86 , 6 , 3 , 0.833762 , 0.757966 , 0.646262 , 0.9090909 , 0.000000 , 1.0 , 0.187500 , 0.9090909
86 , 7 , 4 , 0.833762 , 0.757966 , 0.646262 , 0.9090909 , 0.000000 , 1.0 , 0.187500 , 0.9090909
86 , 8 , 5 , 0.833762 , 0.757966 , 0.646262 , 0.9090909 , 0.000000 , 1.0 , 0.187500 , 0.9090909
86 , 9 , 6 , 0.833762 , 0.757966 , 0.646262 , 0.9090909 , 0.000000 , 1.0 , 0.187500 , 0.9090909
86 , 10 , 7 , 0.833762 , 0.757966 , 0.646262 , 0.9090909 , 0.000000 , 1.0 , 0.187500 , 0.9090909
86 , 11 , 8 , 0.833762 , 0.757966 , 0.646262 , 0.9090909 , 0.000000 , 1.0 , 0.187500 , 0.9090909
87 , 1 , 0 , 0.930837 , 0.930837 , 0.680837 , 1.0 , 0.000000 , 1.0 , 0.250000 , 1.0
87 , 3 , 0 , 0.880953 , 0.933253 , 0.693453 , 1.1 , 0.000000 , 1.0 , 0.187500 , 0.9090909
87 , 4 , 1 , 0.880953 , 0.933253 , 0.693453 , 1.1 , 0.000000 , 1.0 , 0.187500 , 0.9090909
87 , 5 , 2 , 0.880953 , 0.933253 , 0.693453 , 1.1 , 0.000000 , 1.0 , 0.187500 , 0.9090909
87 , 6 , 3 , 0.880953 , 0.933253 , 0.693453 , 1.1 , 0.000000 , 1.0 , 0.187500 , 0.9090909
87 , 7 , 4 , 0.880953 , 0.933253 , 0.693453 , 1.1 , 0.000000 , 1.0 , 0.187500 , 0.9090909
87 , 8 , 5 , 0.880953 , 0.933253 , 0.693453 , 1.1 , 0.000000 , 1.0 , 0.187500 , 0.9090909
87 , 9 , 6 , 0.880953 , 0.933253 , 0.693453 , 1.1 , 0.000000 , 1.0 , 0.187500 , 0.9090909
87 , 10 , 7 , 0.880953 , 0.933253 , 0.693453 , 1.1 , 0.000000 , 1.0 , 0.187500 , 0.9090909
87 , 11 , 8 , 0.880953 , 0.933253 , 0.693453 , 1.1 , 0.000000 , 1.0 , 0.187500 , 0.9090909
88 , 1 , 0 , 1.132937 , 1.132937 , 0.757937 , 1.0 , 0.000000 , 1.0 , 0.375000 , 1.0
88 , 5 , 0 , 0.832267 , 0.639381 , 0.644767 , 0.75131476 , 0.000000 , 1.0 , 0.187500 , 0.82644624
88 , 6 , 1 , 0.832267 , 0.639381 , 0.644767 , 0.75131476 , 0.000000 , 1.0 , 0.187500 , 0.82644624
88 , 7 , 2 , 0.832267 , 0.639381 , 0.644767 , 0.75131476 , 0.000000 , 1.0 , 0.187500 , 0.82644624
88 , 8 , 3 , 0.832267 , 0.639381 , 0.644767 , 0.75131476 , 0.000000 , 1.0 , 0.187500 , 0.82644624
88 , 9 , 4 , 0.832267 , 0.639381 , 0.644767 , 0.75131476 , 0.000000 , 1.0 , 0.187500 , 0.82644624
88 , 10 , 5 , 0.832267 , 0.639381 , 0.644767 , 0.75131476 , 0.000000 , 1.0 , 0.187500 , 0.82644624
88 , 11 , 6 , 0.832267 , 0.639381 , 0.644767 , 0.75131476 , 0.000000 , 1.0 , 0.187500 , 0.82644624
89 , 1 , 0 , 1.282346 , 1.282346 , 0.719846 , 1.0 , 0.000000 , 1.0 , 0.562500 , 1.0
89 , 2 , 0 , 1.344725 , 1.344725 , 0.719725 , 1.0 , 0.250000 , 1.0 , 0.375000 , 1.0
89 , 6 , 1 , 1.075061 , 0.988692 , 0.700061 , 0.9090909 , 0.125000 , 1.0 , 0.250000 , 0.9090909
89 , 7 , 2 , 1.075061 , 0.988692 , 0.700061 , 0.9090909 , 0.125000 , 1.0 , 0.250000 , 0.9090909
89 , 8 , 3 , 1.075061 , 0.988692 , 0.700061 , 0.9090909 , 0.125000 , 1.0 , 0.250000 , 0.9090909
89 , 9 , 4 , 1.075061 , 0.988692 , 0.700061 , 0.9090909 , 0.125000 , 1.0 , 0.250000 , 0.9090909
89 , 10 , 5 , 1.075061 , 0.988692 , 0.700061 , 0.9090909 , 0.125000 , 1.0 , 0.250000 , 0.9090909
89 , 11 , 6 , 1.075061 , 0.988692 , 0.700061 , 0.9090909 , 0.125000 , 1.0 , 0.250000 , 0.9090909
90 , 1 , 0 , 0.885197 , 0.885197 , 0.697697 , 1.0 , 0.000000 , 1.0 , 0.187500 , 1.0
90 , 2 , 0 , 0.885197 , 0.885197 , 0.697697 , 1.0 , 0.000000 , 1.0 , 0.187500 , 1.0
90 , 4 , 1 , 0.882447 , 0.819270 , 0.694947 , 0.9090909 , 0.000000 , 1.0 , 0.187500 , 1.0
90 , 5 , 2 , 0.882447 , 0.819270 , 0.694947 , 0.9090909 , 0.000000 , 1.0 , 0.187500 , 1.0
90 , 6 , 3 , 0.882447 , 0.819270 , 0.694947 , 0.9090909 , 0.000000 , 1.0 , 0.187500 , 1.0
90 , 7 , 4 , 0.882447 , 0.819270 , 0.694947 , 0.9090909 , 0.000000 , 1.0 , 0.187500 , 1.0
90 , 8 , 5 , 0.882447 , 0.819270 , 0.694947 , 0.9090909 , 0.000000 , 1.0 , 0.187500 , 1.0
90 , 9 , 6 , 0.882447 , 0.819270 , 0.694947 , 0.9090909 , 0.000000 , 1.0 , 0.187500 , 1.0
90 , 10 , 7 , 0.882447 , 0.819270 , 0.694947 , 0.9090909 , 0.000000 , 1.0 , 0.187500 , 1.0
90 , 11 , 8 , 0.882447 , 0.819270 , 0.694947 , 0.9090909 , 0.000000 , 1.0 , 0.187500 , 1.0
91 , 1 , 0 , 1.076405 , 1.076405 , 0.701405 , 1.0 , 0.000000 , 1.0 , 0.375000 , 1.0
91 , 6 , 0 , 0.894451 , 0.739216 , 0.706951 , 0.82644624 , 0.000000 , 1.0 , 0.187500 , 0.82644624
91 , 7 , 1 , 0.894451 , 0.739216 , 0.706951 , 0.82644624 , 0.000000 , 1.0 , 0.187500 , 0.82644624
91 , 8 , 2 , 0.894451 , 0.739216 , 0.706951 , 0.82644624 , 0.000000 , 1.0 , 0.187500 , 0.82644624
91 , 9 , 3 , 0.894451 , 0.739216 , 0.706951 , 0.82644624 , 0.000000 , 1.0 , 0.187500 , 0.82644624
91 , 10 , 4 , 0.894451 , 0.739216 , 0.706951 , 0.82644624 , 0.000000 , 1.0 , 0.187500 , 0.82644624
91 , 11 , 5 , 0.894451 , 0.739216 , 0.706951 , 0.82644624 , 0.000000 , 1.0 , 0.187500 , 0.82644624
92 , 1 , 0 , 0.962386 , 0.962386 , 0.712386 , 1.0 , 0.000000 , 1.0 , 0.250000 , 1.0
92 , 3 , 0 , 0.831222 , 0.755656 , 0.706222 , 0.9090909 , 0.000000 , 1.0 , 0.125000 , 0.9090909
92 , 4 , 1 , 0.831222 , 0.755656 , 0.706222 , 0.9090909 , 0.000000 , 1.0 , 0.125000 , 0.9090909
92 , 5 , 2 , 0.831222 , 0.755656 , 0.706222 , 0.9090909 , 0.000000 , 1.0 , 0.125000 , 0.9090909
92 , 6 , 3 , 0.831222 , 0.755656 , 0.706222 , 0.9090909 , 0.000000 , 1.0 , 0.125000 , 0.9090909
92 , 7 , 4 , 0.831222 , 0.755656 , 0.706222 , 0.9090909 , 0.000000 , 1.0 , 0.125000 , 0.9090909
92 , 8 , 5 , 0.831222 , 0.755656 , 0.706222 , 0.9090909 , 0.000000 , 1.0 , 0.125000 , 0.9090909
92 , 9 , 6 , 0.831222 , 0.755656 , 0.706222 , 0.9090909 , 0.000000 , 1.0 , 0.125000 , 0.9090909
92 , 10 , 7 , 0.831222 , 0.755656 , 0.706222 , 0.9090909 , 0.000000 , 1.0 , 0.125000 , 0.9090909
92 , 11 , 8 , 0.831222 , 0.755656 , 0.706222 , 0.9090909 , 0.000000 , 1.0 , 0.125000 , 0.9090909
93 , 1 , 0 , 1.206439 , 1.206439 , 0.768939 , 1.0 , 0.000000 , 1.0 , 0.437500 , 1.0
93 , 6 , 0 , 1.032976 , 0.799569 , 0.720476 , 0.75131476 , 0.000000 , 1.0 , 0.312500 , 0.82644624
93 , 7 , 1 , 1.032976 , 0.799569 , 0.720476 , 0.75131476 , 0.000000 , 1.0 , 0.312500 , 0.82644624
93 , 10 , 2 , 0.868103 , 0.639412 , 0.680603 , 0.75131476 , 0.000000 , 1.0 , 0.187500 , 0.6830134
93 , 11 , 3 , 0.868103 , 0.639412 , 0.680603 , 0.75131476 , 0.000000 , 1.0 , 0.187500 , 0.6830134
94 , 1 , 0 , 1.109722 , 1.109722 , 0.734722 , 1.0 , 0.000000 , 1.0 , 0.375000 , 1.0
94 , 5 , 0 , 0.951414 , 0.849426 , 0.763914 , 0.9090909 , 0.000000 , 1.0 , 0.187500 , 0.82644624
94 , 6 , 1 , 0.951414 , 0.849426 , 0.763914 , 0.9090909 , 0.000000 , 1.0 , 0.187500 , 0.82644624
94 , 8 , 2 , 0.944029 , 0.800850 , 0.694029 , 0.82644624 , 0.000000 , 1.0 , 0.250000 , 0.9090909
94 , 9 , 3 , 0.944029 , 0.800850 , 0.694029 , 0.82644624 , 0.000000 , 1.0 , 0.250000 , 0.9090909
94 , 11 , 4 , 0.940779 , 0.746265 , 0.690779 , 0.75131476 , 0.000000 , 1.0 , 0.250000 , 0.9090909
95 , 1 , 0 , 1.183226 , 1.183226 , 0.745726 , 1.0 , 0.000000 , 1.0 , 0.437500 , 1.0
95 , 9 , 0 , 0.886076 , 0.665722 , 0.698576 , 0.75131476 , 0.000000 , 1.0 , 0.187500 , 0.75131476
95 , 10 , 1 , 0.886076 , 0.665722 , 0.698576 , 0.75131476 , 0.000000 , 1.0 , 0.187500 , 0.75131476
95 , 11 , 2 , 0.886076 , 0.665722 , 0.698576 , 0.75131476 , 0.000000 , 1.0 , 0.187500 , 0.75131476
96 , 1 , 0 , 1.197114 , 1.197114 , 0.634614 , 1.0 , 0.250000 , 1.0 , 0.312500 , 1.0
96 , 3 , 0 , 0.837274 , 0.885206 , 0.649774 , 1.1 , 0.000000 , 0.9090909 , 0.187500 , 0.9090909
96 , 4 , 1 , 0.837274 , 0.885206 , 0.649774 , 1.1 , 0.000000 , 0.9090909 , 0.187500 , 0.9090909
96 , 5 , 2 , 0.837274 , 0.885206 , 0.649774 , 1.1 , 0.000000 , 0.9090909 , 0.187500 , 0.9090909
96 , 6 , 3 , 0.837274 , 0.885206 , 0.649774 , 1.1 , 0.000000 , 0.9090909 , 0.187500 , 0.9090909
96 , 7 , 4 , 1.015347 , 1.045290 , 0.640347 , 1.1 , 0.187500 , 0.9090909 , 0.187500 , 0.9090909
96 , 8 , 5 , 1.015347 , 1.045290 , 0.640347 , 1.1 , 0.187500 , 0.9090909 , 0.187500 , 0.9090909
96 , 9 , 6 , 1.015347 , 1.045290 , 0.640347 , 1.1 , 0.187500 , 0.9090909 , 0.187500 , 0.9090909
96 , 10 , 7 , 1.015347 , 1.045290 , 0.640347 , 1.1 , 0.187500 , 0.9090909 , 0.187500 , 0.9090909
96 , 11 , 8 , 1.015347 , 1.045290 , 0.640347 , 1.1 , 0.187500 , 0.9090909 , 0.187500 , 0.9090909
97 , 1 , 0 , 1.024157 , 1.024157 , 0.711657 , 1.0 , 0.000000 , 1.0 , 0.312500 , 1.0
97 , 5 , 0 , 0.865386 , 0.771218 , 0.677886 , 0.9090909 , 0.000000 , 1.0 , 0.187500 , 0.82644624
97 , 6 , 1 , 0.865386 , 0.771218 , 0.677886 , 0.9090909 , 0.000000 , 1.0 , 0.187500 , 0.82644624
97 , 7 , 2 , 0.865386 , 0.771218 , 0.677886 , 0.9090909 , 0.000000 , 1.0 , 0.187500 , 0.82644624
97 , 8 , 3 , 0.865386 , 0.771218 , 0.677886 , 0.9090909 , 0.000000 , 1.0 , 0.187500 , 0.82644624
97 , 9 , 4 , 0.865386 , 0.771218 , 0.677886 , 0.9090909 , 0.000000 , 1.0 , 0.187500 , 0.82644624
97 , 10 , 5 , 0.865386 , 0.771218 , 0.677886 , 0.9090909 , 0.000000 , 1.0 , 0.187500 , 0.82644624
97 , 11 , 6 , 0.865386 , 0.771218 , 0.677886 , 0.9090909 , 0.000000 , 1.0 , 0.187500 , 0.82644624
98 , 1 , 0 , 1.617896 , 1.617896 , 0.680396 , 1.0 , 0.687500 , 1.0 , 0.250000 , 1.0
98 , 2 , 0 , 1.617896 , 1.617896 , 0.680396 , 1.0 , 0.687500 , 1.0 , 0.250000 , 1.0
98 , 5 , 1 , 0.928930 , 0.901037 , 0.678930 , 1.0 , 0.062500 , 0.82644624 , 0.187500 , 0.9090909
98 , 6 , 2 , 0.928930 , 0.901037 , 0.678930 , 1.0 , 0.062500 , 0.82644624 , 0.187500 , 0.9090909
98 , 7 , 3 , 0.928930 , 0.901037 , 0.678930 , 1.0 , 0.062500 , 0.82644624 , 0.187500 , 0.9090909
98 , 8 , 4 , 0.928930 , 0.901037 , 0.678930 , 1.0 , 0.062500 , 0.82644624 , 0.187500 , 0.9090909
98 , 9 , 5 , 0.928930 , 0.901037 , 0.678930 , 1.0 , 0.062500 , 0.82644624 , 0.187500 , 0.9090909
98 , 10 , 6 , 0.928930 , 0.901037 , 0.678930 , 1.0 , 0.062500 , 0.82644624 , 0.187500 , 0.9090909
98 , 11 , 7 , 0.928930 , 0.901037 , 0.678930 , 1.0 , 0.062500 , 0.82644624 , 0.187500 , 0.9090909
99 , 1 , 0 , 1.055269 , 1.055269 , 0.680269 , 1.0 , 0.000000 , 1.0 , 0.375000 , 1.0
99 , 4 , 0 , 0.926196 , 0.882807 , 0.676196 , 1.0 , 0.000000 , 1.0 , 0.250000 , 0.82644624
99 , 5 , 1 , 0.926196 , 0.882807 , 0.676196 , 1.0 , 0.000000 , 1.0 , 0.250000 , 0.82644624
99 , 6 , 2 , 0.926196 , 0.882807 , 0.676196 , 1.0 , 0.000000 , 1.0 , 0.250000 , 0.82644624
99 , 7 , 3 , 0.926196 , 0.882807 , 0.676196 , 1.0 , 0.000000 , 1.0 , 0.250000 , 0.82644624
99 , 8 , 4 , 0.926196 , 0.882807 , 0.676196 , 1.0 , 0.000000 , 1.0 , 0.250000 , 0.82644624
99 , 9 , 5 , 0.926196 , 0.882807 , 0.676196 , 1.0 , 0.000000 , 1.0 , 0.250000 , 0.82644624
99 , 10 , 6 , 0.926196 , 0.882807 , 0.676196 , 1.0 , 0.000000 , 1.0 , 0.250000 , 0.82644624
99 , 11 , 7 , 0.926196 , 0.882807 , 0.676196 , 1.0 , 0.000000 , 1.0 , 0.250000 , 0.82644624
100 , 1 , 0 , 0.978201 , 0.978201 , 0.665701 , 1.0 , 0.000000 , 1.0 , 0.312500 , 1.0
100 , 2 , 0 , 1.359650 , 1.359650 , 0.672150 , 1.0 , 0.500000 , 1.0 , 0.187500 , 1.0
100 , 3 , 1 , 1.359650 , 1.359650 , 0.672150 , 1.0 , 0.500000 , 1.0 , 0.187500 , 1.0
100 , 4 , 2 , 1.359650 , 1.359650 , 0.672150 , 1.0 , 0.500000 , 1.0 , 0.187500 , 1.0
100 , 5 , 3 , 1.359650 , 1.359650 , 0.672150 , 1.0 , 0.500000 , 1.0 , 0.187500 , 1.0
100 , 6 , 4 , 1.359650 , 1.359650 , 0.672150 , 1.0 , 0.500000 , 1.0 , 0.187500 , 1.0
100 , 7 , 5 , 1.359650 , 1.359650 , 0.672150 , 1.0 , 0.500000 , 1.0 , 0.187500 , 1.0
100 , 8 , 6 , 1.359650 , 1.359650 , 0.672150 , 1.0 , 0.500000 , 1.0 , 0.187500 , 1.0
100 , 9 , 7 , 1.359650 , 1.359650 , 0.672150 , 1.0 , 0.500000 , 1.0 , 0.187500 , 1.0
100 , 10 , 8 , 1.359650 , 1.359650 , 0.672150 , 1.0 , 0.500000 , 1.0 , 0.187500 , 1.0
100 , 11 , 9 , 1.359650 , 1.359650 , 0.672150 , 1.0 , 0.500000 , 1.0 , 0.187500 , 1.0
